enhancer	genes
HACNS_711	ENSG00000135636
humGainReg1003	ENSG00000128731,ENSG00000261581,ENSG00000206149,ENSG00000254398
humGainReg1004	ENSG00000206149,ENSG00000179938
humGainReg1011	ENSG00000169926,ENSG00000169918,ENSG00000201084,ENSG00000206987
humGainReg1012	ENSG00000201084,ENSG00000223509,ENSG00000261064
humGainReg1017	ENSG00000104133,ENSG00000140254,ENSG00000137857,ENSG00000137860,ENSG00000259520,ENSG00000259342,ENSG00000252285,ENSG00000259354
humGainReg1034	ENSG00000241640
humGainReg1035	ENSG00000234797
humGainReg1064	ENSG00000260104,ENSG00000261205,ENSG00000140386,ENSG00000140368,ENSG00000140368
humGainReg1070	ENSG00000213527
humGainReg1075	ENSG00000259609,ENSG00000259404
humGainReg1077	ENSG00000073417
humGainReg108	ENSG00000127603
humGainReg1087	ENSG00000140525,ENSG00000263714,ENSG00000240470,ENSG00000185033,ENSG00000185033,ENSG00000185033,ENSG00000185043,ENSG00000183208,ENSG00000259894,ENSG00000183208,ENSG00000213471,ENSG00000261147,ENSG00000228998
humGainReg1117	ENSG00000212306,ENSG00000131873,ENSG00000131876,ENSG00000259454
humGainReg1118	ENSG00000131873,ENSG00000177693,ENSG00000183909
humGainReg1135	ENSG00000140650,ENSG00000140650,ENSG00000153048,ENSG00000261481,ENSG00000153048
humGainReg1137	ENSG00000183044,ENSG00000183044
humGainReg1138	ENSG00000220793
humGainReg1148	ENSG00000234719
humGainReg1149	ENSG00000103381,ENSG00000241932
humGainReg115	ENSG00000117385,ENSG00000117394,ENSG00000227533
humGainReg1156	ENSG00000260242,ENSG00000260933,ENSG00000254681,ENSG00000233024
humGainReg1158	ENSG00000168447
humGainReg116	ENSG00000117385,ENSG00000117394,ENSG00000227533
humGainReg1163	ENSG00000169181
humGainReg1164	ENSG00000169181
humGainReg1180	ENSG00000103494,ENSG00000245694,ENSG00000176842,ENSG00000259711,ENSG00000259725
humGainReg1191	ENSG00000087253,ENSG00000256812,ENSG00000087253
humGainReg12	ENSG00000227950
humGainReg1202	ENSG00000183723
humGainReg1218	ENSG00000260880,ENSG00000260848
humGainReg125	ENSG00000226252,ENSG00000162367,ENSG00000227947,ENSG00000269709
humGainReg1265	ENSG00000260466,ENSG00000103257,ENSG00000158545
humGainReg1266	ENSG00000260162,ENSG00000261327,ENSG00000261816,ENSG00000260420
humGainReg1271	ENSG00000172530,ENSG00000261273,ENSG00000176715
humGainReg1273	ENSG00000181031,ENSG00000262061,ENSG00000167693,ENSG00000265403,ENSG00000159842
humGainReg1274	ENSG00000181031,ENSG00000262294,ENSG00000262558,ENSG00000167693,ENSG00000265403
humGainReg1275	ENSG00000167716,ENSG00000132386,ENSG00000186532,ENSG00000262533,ENSG00000263050,ENSG00000108963,ENSG00000262664,ENSG00000236838,ENSG00000236457,ENSG00000070366
humGainReg1277	ENSG00000255095
humGainReg1302	ENSG00000231458
humGainReg1303	ENSG00000083290
humGainReg1310	ENSG00000232859,ENSG00000267644,ENSG00000203482,ENSG00000237575,ENSG00000267259,ENSG00000203480,ENSG00000265060,ENSG00000266830,ENSG00000260777,ENSG00000266306,ENSG00000109083,ENSG00000109079,ENSG00000109072,ENSG00000273171,ENSG00000004139
humGainReg1313	ENSG00000196712,ENSG00000266371
humGainReg1314	ENSG00000266777
humGainReg1322	ENSG00000229028,ENSG00000171446,ENSG00000264488,ENSG00000173908,ENSG00000167920,ENSG00000186395,ENSG00000265359,ENSG00000187242,ENSG00000171431,ENSG00000234477,ENSG00000196859
humGainReg1323	ENSG00000173801,ENSG00000141696,ENSG00000141756
humGainReg1337	ENSG00000250948,ENSG00000121073,ENSG00000250751,ENSG00000121104,ENSG00000136504
humGainReg1342	ENSG00000167105
humGainReg1348	ENSG00000121064,ENSG00000136451,ENSG00000264112,ENSG00000266086,ENSG00000136450,ENSG00000266290,ENSG00000264364
humGainReg1356	ENSG00000271974,ENSG00000176809
humGainReg1357	ENSG00000259533
humGainReg1359	ENSG00000214176,ENSG00000252242,ENSG00000272134,ENSG00000176809
humGainReg1375	ENSG00000261408,ENSG00000161533,ENSG00000257949
humGainReg1381	ENSG00000262768,ENSG00000141570,ENSG00000238331,ENSG00000141570
humGainReg1386	ENSG00000141556,ENSG00000262663,ENSG00000141556,ENSG00000262952
humGainReg1389	ENSG00000262952
humGainReg1392	ENSG00000260011,ENSG00000181408,ENSG00000181396,ENSG00000175711,ENSG00000262952
humGainReg1393	ENSG00000260011,ENSG00000181408,ENSG00000181396,ENSG00000175711,ENSG00000262952
humGainReg1395	ENSG00000264383,ENSG00000265461,ENSG00000263098,ENSG00000264383,ENSG00000265461,ENSG00000263098,ENSG00000141556,ENSG00000262663,ENSG00000141556,ENSG00000175711,ENSG00000175711,ENSG00000175711,ENSG00000261888,ENSG00000262952
humGainReg1407	ENSG00000242985,ENSG00000229442
humGainReg1408	ENSG00000173482,ENSG00000242985,ENSG00000229442
humGainReg1415	ENSG00000266955,ENSG00000141401,ENSG00000267480,ENSG00000266995,ENSG00000267292,ENSG00000212712,ENSG00000267722
humGainReg1416	ENSG00000267480,ENSG00000266995,ENSG00000267292,ENSG00000212712,ENSG00000267722
humGainReg1418	ENSG00000267143
humGainReg1425	ENSG00000134508
humGainReg1460	ENSG00000200527
humGainReg1475	ENSG00000265229,ENSG00000201598
humGainReg1478	ENSG00000197563
humGainReg1488	ENSG00000101493,ENSG00000265778,ENSG00000101493,ENSG00000220032
humGainReg150	ENSG00000271782
humGainReg1502	ENSG00000178342,ENSG00000141759,ENSG00000267127
humGainReg1503	ENSG00000060069,ENSG00000060069,ENSG00000266924,ENSG00000267780,ENSG00000178342,ENSG00000226742,ENSG00000178184
humGainReg1505	ENSG00000064666,ENSG00000267020,ENSG00000064666,ENSG00000180448,ENSG00000099817
humGainReg1531	ENSG00000273420,ENSG00000130881,ENSG00000267714,ENSG00000130876
humGainReg1544	ENSG00000130201,ENSG00000012061
humGainReg1562	ENSG00000115761
humGainReg1565	ENSG00000115756
humGainReg1568	ENSG00000163009,ENSG00000115761
humGainReg1572	ENSG00000264010,ENSG00000196208
humGainReg1600	ENSG00000173960,ENSG00000234946,ENSG00000237953,ENSG00000202479,ENSG00000224165,ENSG00000115137,ENSG00000218682,ENSG00000143970,ENSG00000217718
humGainReg1605	ENSG00000145835,ENSG00000157851
humGainReg1606	ENSG00000145835,ENSG00000157851,ENSG00000084764,ENSG00000230286,ENSG00000205500,ENSG00000084764
humGainReg1625	ENSG00000138095,ENSG00000259439
humGainReg1628	ENSG00000138078,ENSG00000143919,ENSG00000252896
humGainReg1629	ENSG00000138078,ENSG00000143919,ENSG00000252896
humGainReg1646	ENSG00000235725,ENSG00000226819,ENSG00000143995,ENSG00000230749,ENSG00000244522,ENSG00000143995
humGainReg1649	ENSG00000179818,ENSG00000233060,ENSG00000169564,ENSG00000226505,ENSG00000225392
humGainReg1650	ENSG00000059728,ENSG00000179818,ENSG00000233060,ENSG00000169564,ENSG00000226505,ENSG00000225392,ENSG00000116039,ENSG00000239322
humGainReg1651	ENSG00000135636,ENSG00000003137,ENSG00000144036
humGainReg1654	ENSG00000003137,ENSG00000212378
humGainReg1655	ENSG00000135636
humGainReg1667	ENSG00000233671
humGainReg1668	ENSG00000231259
humGainReg1671	ENSG00000244116
humGainReg1675	ENSG00000243039,ENSG00000231584,ENSG00000186281,ENSG00000121152,ENSG00000264157,ENSG00000273265,ENSG00000168763,ENSG00000163126,ENSG00000188383
humGainReg1678	ENSG00000075568
humGainReg1685	ENSG00000234148,ENSG00000225398,ENSG00000240356
humGainReg1687	ENSG00000136682,ENSG00000238091
humGainReg1692	ENSG00000163064,ENSG00000258910,ENSG00000163064
humGainReg170	ENSG00000184588
humGainReg1706	ENSG00000180178,ENSG00000224087,ENSG00000252223,ENSG00000229797,ENSG00000178171
humGainReg1707	ENSG00000230065
humGainReg172	ENSG00000142864
humGainReg1727	ENSG00000213148
humGainReg1731	ENSG00000138435
humGainReg1735	ENSG00000236501,ENSG00000237178,ENSG00000238295
humGainReg1736	ENSG00000236501,ENSG00000237178,ENSG00000238295
humGainReg174	ENSG00000226415
humGainReg1744	ENSG00000260171,ENSG00000253008,ENSG00000221628
humGainReg1745	ENSG00000213083,ENSG00000232125,ENSG00000260171
humGainReg1757	ENSG00000079308
humGainReg1758	ENSG00000144589
humGainReg1766	ENSG00000085449,ENSG00000135919,ENSG00000224826
humGainReg1773	ENSG00000163273,ENSG00000230122,ENSG00000266620,ENSG00000221944,ENSG00000135930,ENSG00000237126,ENSG00000115468,ENSG00000244384
humGainReg1774	ENSG00000144524,ENSG00000163273,ENSG00000230122
humGainReg1775	ENSG00000144524,ENSG00000163273,ENSG00000230122
humGainReg1776	ENSG00000085978
humGainReg1785	ENSG00000231032,ENSG00000157985
humGainReg1789	ENSG00000233611,ENSG00000168505
humGainReg1791	ENSG00000228499,ENSG00000157985
humGainReg1795	ENSG00000132321,ENSG00000270540,ENSG00000132321,ENSG00000144476,ENSG00000232328
humGainReg18	ENSG00000207056
humGainReg1804	ENSG00000130414
humGainReg1805	ENSG00000264292,ENSG00000130414
humGainReg1806	ENSG00000068024,ENSG00000068024,ENSG00000264292,ENSG00000259889,ENSG00000130414
humGainReg1809	ENSG00000125775
humGainReg1816	ENSG00000212536
humGainReg183	ENSG00000233593
humGainReg1834	ENSG00000225803,ENSG00000088970
humGainReg1873	ENSG00000235166
humGainReg1890	ENSG00000235590,ENSG00000268333,ENSG00000087460,ENSG00000235590,ENSG00000087460,ENSG00000233686
humGainReg1898	ENSG00000125533
humGainReg1900	ENSG00000101194,ENSG00000101203,ENSG00000222439,ENSG00000101210,ENSG00000198276,ENSG00000267848,ENSG00000198276,ENSG00000196700,ENSG00000130590,ENSG00000101161,ENSG00000198276,ENSG00000267848,ENSG00000198276,ENSG00000196700,ENSG00000130590,ENSG00000101161,ENSG00000125522,ENSG00000125522
humGainReg1901	ENSG00000215559,ENSG00000266838,ENSG00000224524,ENSG00000224247
humGainReg1909	ENSG00000237945,ENSG00000244294,ENSG00000225555,ENSG00000205670,ENSG00000222018,ENSG00000273104,ENSG00000272958,ENSG00000243627,ENSG00000221398,ENSG00000180509
humGainReg1914	ENSG00000159216
humGainReg1931	ENSG00000142156
humGainReg1960	ENSG00000100307,ENSG00000209482,ENSG00000100316,ENSG00000263764,ENSG00000100316
humGainReg1965	ENSG00000259421
humGainReg1974	ENSG00000260655,ENSG00000263463,ENSG00000234965,ENSG00000159958
humGainReg2000	ENSG00000100239,ENSG00000100241,ENSG00000128165,ENSG00000008735,ENSG00000079974,ENSG00000184319,ENSG00000079974,ENSG00000184319,ENSG00000184319,ENSG00000079974,ENSG00000184319
humGainReg2021	ENSG00000151092,ENSG00000151093
humGainReg2029	ENSG00000235257
humGainReg2032	ENSG00000223668
humGainReg2033	ENSG00000207512,ENSG00000157036,ENSG00000230683,ENSG00000232439
humGainReg2038	ENSG00000177479,ENSG00000235236,ENSG00000223343,ENSG00000273211,ENSG00000178467,ENSG00000272434,ENSG00000178035,ENSG00000225399,ENSG00000114316,ENSG00000164062,ENSG00000164068,ENSG00000183763,ENSG00000232352,ENSG00000012171,ENSG00000179564,ENSG00000214706,ENSG00000186792,ENSG00000243477,ENSG00000114378
humGainReg2047	ENSG00000126062,ENSG00000007402,ENSG00000088543,ENSG00000114735,ENSG00000145050,ENSG00000179837,ENSG00000145041,ENSG00000270692
humGainReg2059	ENSG00000240359,ENSG00000163630
humGainReg206	ENSG00000270380,ENSG00000143125
humGainReg2065	ENSG00000241537,ENSG00000144736,ENSG00000144736
humGainReg208	ENSG00000224965,ENSG00000116396
humGainReg2080	ENSG00000065534
humGainReg2082	ENSG00000239978,ENSG00000265166,ENSG00000179170,ENSG00000242229
humGainReg2084	ENSG00000221955,ENSG00000234458
humGainReg2085	ENSG00000082781,ENSG00000082781
humGainReg2086	ENSG00000239978,ENSG00000265166,ENSG00000179170,ENSG00000171084
humGainReg2092	ENSG00000248459
humGainReg210	ENSG00000231437,ENSG00000171385
humGainReg2113	ENSG00000169282,ENSG00000242537,ENSG00000169282
humGainReg2147	ENSG00000270959,ENSG00000145012
humGainReg2151	ENSG00000214145,ENSG00000178772,ENSG00000133657
humGainReg2154	ENSG00000223986,ENSG00000214145
humGainReg2155	ENSG00000223986,ENSG00000214145
humGainReg2156	ENSG00000223986
humGainReg2157	ENSG00000223986
humGainReg2158	ENSG00000198836,ENSG00000243991,ENSG00000223986,ENSG00000133657,ENSG00000145014
humGainReg2168	ENSG00000221718,ENSG00000041802,ENSG00000185112,ENSG00000233987,ENSG00000237222
humGainReg217	ENSG00000260941,ENSG00000198857
humGainReg2170	ENSG00000221718,ENSG00000041802,ENSG00000185112,ENSG00000233987,ENSG00000237222
humGainReg2171	ENSG00000242086,ENSG00000072274,ENSG00000161217,ENSG00000185798,ENSG00000174013,ENSG00000214135
humGainReg2172	ENSG00000075711,ENSG00000214135,ENSG00000273375,ENSG00000186001,ENSG00000226435
humGainReg2173	ENSG00000248302,ENSG00000133256,ENSG00000242686,ENSG00000133256,ENSG00000272927,ENSG00000272588,ENSG00000233799,ENSG00000145214,ENSG00000127415,ENSG00000145217,ENSG00000127415,ENSG00000127418,ENSG00000178222,ENSG00000163945,ENSG00000244459,ENSG00000174137,ENSG00000163950,ENSG00000168936,ENSG00000270195,ENSG00000168936,ENSG00000013810,ENSG00000168924,ENSG00000185049
humGainReg2176	ENSG00000133256,ENSG00000133256,ENSG00000242686,ENSG00000133256,ENSG00000272927,ENSG00000178222,ENSG00000251652,ENSG00000251652,ENSG00000244459,ENSG00000174137,ENSG00000163950,ENSG00000168936,ENSG00000270195,ENSG00000168936,ENSG00000013810,ENSG00000239247
humGainReg2177	ENSG00000133256,ENSG00000133256,ENSG00000242686,ENSG00000133256,ENSG00000272927,ENSG00000178222,ENSG00000251652,ENSG00000251652,ENSG00000244459,ENSG00000174137,ENSG00000163950,ENSG00000168936,ENSG00000270195,ENSG00000168936,ENSG00000013810,ENSG00000239247
humGainReg2185	ENSG00000251075,ENSG00000197386,ENSG00000159788,ENSG00000109758,ENSG00000175920,ENSG00000175920,ENSG00000261643,ENSG00000234386,ENSG00000249522,ENSG00000271977,ENSG00000251271,ENSG00000253917,ENSG00000251669,ENSG00000250476,ENSG00000264106,ENSG00000243894,ENSG00000221301,ENSG00000250940
humGainReg219	ENSG00000162825,ENSG00000255854,ENSG00000271223,ENSG00000178104,ENSG00000268172
humGainReg2193	ENSG00000251271,ENSG00000253917,ENSG00000251669,ENSG00000250476
humGainReg2195	ENSG00000264106,ENSG00000168818,ENSG00000248221
humGainReg2196	ENSG00000251271,ENSG00000253917,ENSG00000251669,ENSG00000250476,ENSG00000243894,ENSG00000221301,ENSG00000250940,ENSG00000168818,ENSG00000248221
humGainReg2197	ENSG00000249896,ENSG00000251408,ENSG00000152969,ENSG00000074211
humGainReg220	ENSG00000162825,ENSG00000255854,ENSG00000271223,ENSG00000178104,ENSG00000268172
humGainReg2225	ENSG00000196472,ENSG00000250696
humGainReg2230	ENSG00000249307,ENSG00000249307,ENSG00000249307,ENSG00000251399
humGainReg2245	ENSG00000272795,ENSG00000205403,ENSG00000109534,ENSG00000180245,ENSG00000138798,ENSG00000207260
humGainReg225	ENSG00000237920,ENSG00000226855,ENSG00000203761
humGainReg2255	ENSG00000170153
humGainReg2270	ENSG00000251445,ENSG00000145439,ENSG00000154447
humGainReg2272	ENSG00000250957
humGainReg2282	ENSG00000252157,ENSG00000182552,ENSG00000251739,ENSG00000168538
humGainReg2283	ENSG00000164303
humGainReg2284	ENSG00000164303
humGainReg229	ENSG00000259788,ENSG00000117143
humGainReg2291	ENSG00000180712
humGainReg2292	ENSG00000109762,ENSG00000250410,ENSG00000109771,ENSG00000186352,ENSG00000109775,ENSG00000207231,ENSG00000109775,ENSG00000205129
humGainReg2311	ENSG00000063438,ENSG00000264233,ENSG00000271781,ENSG00000028310,ENSG00000071539,ENSG00000164362,ENSG00000185986,ENSG00000271119,ENSG00000248126,ENSG00000232615,ENSG00000188002,ENSG00000260066
humGainReg2313	ENSG00000185028,ENSG00000261434,ENSG00000073578,ENSG00000063438,ENSG00000215246,ENSG00000203594,ENSG00000145506,ENSG00000221244,ENSG00000272347,ENSG00000113504,ENSG00000263834,ENSG00000113504,ENSG00000113504,ENSG00000164362,ENSG00000049656,ENSG00000171421,ENSG00000145494
humGainReg2315	ENSG00000073578,ENSG00000264233,ENSG00000171368,ENSG00000206077,ENSG00000248949,ENSG00000215246,ENSG00000203594,ENSG00000145506,ENSG00000221244,ENSG00000272347,ENSG00000142319,ENSG00000153395,ENSG00000185986,ENSG00000271119,ENSG00000248126,ENSG00000232615,ENSG00000188002
humGainReg2316	ENSG00000214278,ENSG00000066230,ENSG00000185986,ENSG00000271119,ENSG00000248126,ENSG00000232615,ENSG00000188002
humGainReg2335	ENSG00000170561,ENSG00000186493,ENSG00000170561
humGainReg2345	ENSG00000037474
humGainReg2354	ENSG00000250807,ENSG00000250088,ENSG00000250558,ENSG00000249427,ENSG00000249329,ENSG00000248422
humGainReg2362	ENSG00000215156,ENSG00000215158
humGainReg2363	ENSG00000215156
humGainReg2367	ENSG00000249491,ENSG00000248234,ENSG00000164318,ENSG00000251257,ENSG00000164318,ENSG00000113594
humGainReg2369	ENSG00000259663,ENSG00000016082
humGainReg2378	ENSG00000183900,ENSG00000247993,ENSG00000251493,ENSG00000251604,ENSG00000251324
humGainReg2387	ENSG00000171540
humGainReg2388	ENSG00000171540
humGainReg239	ENSG00000235628
humGainReg2394	ENSG00000145687
humGainReg241	ENSG00000121446,ENSG00000135828,ENSG00000143333,ENSG00000261504,ENSG00000226570,ENSG00000157060,ENSG00000176855,ENSG00000264768
humGainReg2427	ENSG00000240611
humGainReg2428	ENSG00000155329
humGainReg243	ENSG00000135828,ENSG00000143333,ENSG00000261504
humGainReg2447	ENSG00000186314
humGainReg245	ENSG00000116750
humGainReg2455	ENSG00000113722,ENSG00000171992
humGainReg2458	ENSG00000197043,ENSG00000254298,ENSG00000197043
humGainReg247	ENSG00000202491,ENSG00000118200
humGainReg2476	ENSG00000253792,ENSG00000253673,ENSG00000254047,ENSG00000164330
humGainReg2493	ENSG00000134516,ENSG00000253348
humGainReg2501	ENSG00000213393,ENSG00000265740,ENSG00000254256,ENSG00000206909,ENSG00000254012,ENSG00000264249,ENSG00000181163
humGainReg2513	ENSG00000072803,ENSG00000072786,ENSG00000113719,ENSG00000204758,ENSG00000254295,ENSG00000037241
humGainReg2520	ENSG00000131187,ENSG00000198055,ENSG00000131187,ENSG00000198055,ENSG00000246334,ENSG00000131188,ENSG00000113758,ENSG00000196923,ENSG00000248996,ENSG00000196923,ENSG00000146094,ENSG00000183258,ENSG00000146067,ENSG00000170074,ENSG00000170089,ENSG00000271681,ENSG00000253698
humGainReg2522	ENSG00000184840,ENSG00000170074,ENSG00000271681,ENSG00000253698
humGainReg2523	ENSG00000170074,ENSG00000170074,ENSG00000271681,ENSG00000253698
humGainReg2525	ENSG00000213316,ENSG00000221394,ENSG00000161013
humGainReg2526	ENSG00000177932,ENSG00000113269,ENSG00000131459
humGainReg2537	ENSG00000250903,ENSG00000112699
humGainReg2548	ENSG00000270477,ENSG00000168994,ENSG00000145965
humGainReg255	ENSG00000273478,ENSG00000176393,ENSG00000249007,ENSG00000163435
humGainReg2556	ENSG00000226281
humGainReg2567	ENSG00000112137
humGainReg2570	ENSG00000261071,ENSG00000225921
humGainReg258	ENSG00000188770,ENSG00000058668,ENSG00000219133,ENSG00000143850,ENSG00000226330,ENSG00000143850
humGainReg2580	ENSG00000227154
humGainReg2582	ENSG00000137168
humGainReg2585	ENSG00000226976,ENSG00000216412,ENSG00000137193
humGainReg2591	ENSG00000226917,ENSG00000234753,ENSG00000137166
humGainReg2594	ENSG00000124496,ENSG00000237107,ENSG00000238611,ENSG00000024048
humGainReg2595	ENSG00000261068,ENSG00000048545,ENSG00000048544
humGainReg2596	ENSG00000112624
humGainReg2597	ENSG00000171611,ENSG00000112659,ENSG00000112667,ENSG00000245261,ENSG00000112659,ENSG00000219222,ENSG00000146215,ENSG00000171467,ENSG00000179157,ENSG00000226558,ENSG00000171467,ENSG00000124571,ENSG00000170734,ENSG00000237686,ENSG00000181577,ENSG00000265518,ENSG00000237686,ENSG00000231881,ENSG00000183239
humGainReg2598	ENSG00000272114,ENSG00000112715,ENSG00000223469,ENSG00000237686,ENSG00000181577,ENSG00000265518,ENSG00000237686,ENSG00000231881,ENSG00000183239,ENSG00000180992,ENSG00000137216,ENSG00000262179,ENSG00000112759,ENSG00000096384
humGainReg2602	ENSG00000272114,ENSG00000112715,ENSG00000223469,ENSG00000237686,ENSG00000181577,ENSG00000265518,ENSG00000237686,ENSG00000231881,ENSG00000183239
humGainReg2606	ENSG00000272114,ENSG00000112715,ENSG00000223469,ENSG00000237686,ENSG00000181577,ENSG00000265518,ENSG00000237686,ENSG00000231881,ENSG00000183239
humGainReg2609	ENSG00000272114,ENSG00000112715,ENSG00000223469,ENSG00000237686,ENSG00000181577,ENSG00000265518,ENSG00000237686,ENSG00000231881,ENSG00000183239
humGainReg261	ENSG00000162873,ENSG00000236942,ENSG00000158711
humGainReg2610	ENSG00000272114,ENSG00000112715,ENSG00000223469
humGainReg2611	ENSG00000272114,ENSG00000112715,ENSG00000223469,ENSG00000237686,ENSG00000181577,ENSG00000265518,ENSG00000237686,ENSG00000231881,ENSG00000183239
humGainReg2612	ENSG00000172426,ENSG00000272114,ENSG00000112715,ENSG00000223469,ENSG00000237686,ENSG00000181577,ENSG00000265518,ENSG00000237686,ENSG00000231881,ENSG00000183239
humGainReg2619	ENSG00000261116
humGainReg2620	ENSG00000272316
humGainReg2636	ENSG00000227502
humGainReg2649	ENSG00000201119
humGainReg2652	ENSG00000178199,ENSG00000219553,ENSG00000252244,ENSG00000131013
humGainReg2657	ENSG00000120256,ENSG00000268592
humGainReg2692	ENSG00000026297
humGainReg2698	ENSG00000008018,ENSG00000112592,ENSG00000071994
humGainReg2709	ENSG00000164877,ENSG00000225981
humGainReg2710	ENSG00000164877,ENSG00000225981
humGainReg2723	ENSG00000011275
humGainReg2739	ENSG00000106128
humGainReg2741	ENSG00000173852
humGainReg2742	ENSG00000189212
humGainReg2746	ENSG00000189212,ENSG00000232930,ENSG00000229679
humGainReg2752	ENSG00000106571,ENSG00000238284,ENSG00000231539
humGainReg2753	ENSG00000106571
humGainReg2757	ENSG00000228434,ENSG00000136206,ENSG00000214783,ENSG00000273432,ENSG00000272655
humGainReg2769	ENSG00000176826
humGainReg2781	ENSG00000006704,ENSG00000196275,ENSG00000165178
humGainReg2782	ENSG00000183086,ENSG00000242073,ENSG00000135213,ENSG00000170092,ENSG00000250778,ENSG00000238560,ENSG00000230305
humGainReg2797	ENSG00000257923,ENSG00000256295,ENSG00000258093,ENSG00000252824
humGainReg2813	ENSG00000272601,ENSG00000165055
humGainReg2816	ENSG00000224545
humGainReg2821	ENSG00000224545
humGainReg2822	ENSG00000221866
humGainReg2845	ENSG00000260555
humGainReg285	ENSG00000224834
humGainReg286	ENSG00000196187,ENSG00000243709
humGainReg2861	ENSG00000147364
humGainReg2865	ENSG00000223508,ENSG00000272812,ENSG00000272240,ENSG00000273402,ENSG00000172748,ENSG00000147364,ENSG00000272293,ENSG00000147364,ENSG00000254269
humGainReg2878	ENSG00000253981,ENSG00000182319
humGainReg2879	ENSG00000253893,ENSG00000173295,ENSG00000173273,ENSG00000173273
humGainReg2880	ENSG00000253893,ENSG00000173295
humGainReg2898	ENSG00000253430,ENSG00000234770
humGainReg2899	ENSG00000253875,ENSG00000147419
humGainReg29	ENSG00000235263,ENSG00000188807
humGainReg2900	ENSG00000253875,ENSG00000147419
humGainReg2901	ENSG00000120885,ENSG00000222862
humGainReg2903	ENSG00000104290
humGainReg2922	ENSG00000070501
humGainReg2923	ENSG00000029534
humGainReg2931	ENSG00000224594
humGainReg2933	ENSG00000147509
humGainReg2936	ENSG00000104331
humGainReg2959	ENSG00000253679
humGainReg2975	ENSG00000238901
humGainReg2988	ENSG00000184156
humGainReg2989	ENSG00000184156
humGainReg2991	ENSG00000147724
humGainReg2994	ENSG00000169398,ENSG00000105339,ENSG00000022567
humGainReg2995	ENSG00000253741,ENSG00000253806,ENSG00000130193,ENSG00000253421,ENSG00000160882
humGainReg2998	ENSG00000272172,ENSG00000185730,ENSG00000263660,ENSG00000184428,ENSG00000181135,ENSG00000254574,ENSG00000254548,ENSG00000181135,ENSG00000255181,ENSG00000181085,ENSG00000265660,ENSG00000203499,ENSG00000181085,ENSG00000180921,ENSG00000203499,ENSG00000254973,ENSG00000214733,ENSG00000180900,ENSG00000255343,ENSG00000179950,ENSG00000185189,ENSG00000178209,ENSG00000221802,ENSG00000272115,ENSG00000071894,ENSG00000147804,ENSG00000232600,ENSG00000160949,ENSG00000160957,ENSG00000160959,ENSG00000254402,ENSG00000213563,ENSG00000147799,ENSG00000255681
humGainReg2999	ENSG00000014164,ENSG00000254859,ENSG00000254144,ENSG00000014164,ENSG00000104518,ENSG00000204839,ENSG00000255050,ENSG00000254741,ENSG00000204839,ENSG00000147813,ENSG00000104529,ENSG00000252075,ENSG00000181135,ENSG00000254574,ENSG00000254548,ENSG00000181135,ENSG00000255181,ENSG00000181085,ENSG00000265660,ENSG00000203499,ENSG00000181085,ENSG00000180921,ENSG00000203499,ENSG00000254973,ENSG00000214733,ENSG00000180900,ENSG00000255343,ENSG00000179950,ENSG00000185189,ENSG00000179091,ENSG00000179526,ENSG00000179632,ENSG00000179526,ENSG00000179698,ENSG00000232600,ENSG00000160949
humGainReg3004	ENSG00000256968
humGainReg3042	ENSG00000186354,ENSG00000213694
humGainReg3045	ENSG00000225511,ENSG00000236717
humGainReg306	ENSG00000107929,ENSG00000107937,ENSG00000148377,ENSG00000238924
humGainReg3062	ENSG00000213761,ENSG00000237857,ENSG00000185920,ENSG00000271659,ENSG00000185920
humGainReg3065	ENSG00000269907,ENSG00000227257
humGainReg3073	ENSG00000237062,ENSG00000234229
humGainReg3110	ENSG00000185585
humGainReg3118	ENSG00000136828,ENSG00000148356,ENSG00000136830
humGainReg3125	ENSG00000216181,ENSG00000148335,ENSG00000179058,ENSG00000234789,ENSG00000148331,ENSG00000167157,ENSG00000236024,ENSG00000255824,ENSG00000233909,ENSG00000136816,ENSG00000136827,ENSG00000136819,ENSG00000136878,ENSG00000148358
humGainReg3131	ENSG00000130707
humGainReg3134	ENSG00000107290,ENSG00000107290,ENSG00000107290
humGainReg3135	ENSG00000231018,ENSG00000212395,ENSG00000236687
humGainReg3140	ENSG00000224992
humGainReg3142	ENSG00000252521,ENSG00000263816,ENSG00000233800,ENSG00000165699,ENSG00000165702,ENSG00000233800,ENSG00000160323,ENSG00000160325
humGainReg3149	ENSG00000273473,ENSG00000263897,ENSG00000186350
humGainReg3155	ENSG00000148386,ENSG00000148400,ENSG00000263403,ENSG00000148400,ENSG00000227512,ENSG00000265181,ENSG00000237886,ENSG00000148400,ENSG00000252440,ENSG00000228401,ENSG00000172889,ENSG00000199161,ENSG00000172889
humGainReg3177	ENSG00000147118,ENSG00000171489
humGainReg3189	ENSG00000159123,ENSG00000204119
humGainReg3196	ENSG00000233320
humGainReg3214	ENSG00000241248,ENSG00000230707
humGainReg3217	ENSG00000013619
humGainReg3220	ENSG00000235703
humGainReg3225	ENSG00000147394,ENSG00000234200,ENSG00000224201,ENSG00000231600,ENSG00000225110,ENSG00000071553,ENSG00000203879
humGainReg331	ENSG00000234175,ENSG00000228330
humGainReg359	ENSG00000165322
humGainReg373	ENSG00000165874,ENSG00000272430,ENSG00000229927,ENSG00000215044
humGainReg374	ENSG00000165874,ENSG00000272430,ENSG00000229927
humGainReg387	ENSG00000197467
humGainReg393	ENSG00000172731,ENSG00000224725
humGainReg394	ENSG00000180817
humGainReg395	ENSG00000232142,ENSG00000180817
humGainReg396	ENSG00000232142
humGainReg397	ENSG00000138316,ENSG00000166220
humGainReg398	ENSG00000107731,ENSG00000216004,ENSG00000237512
humGainReg399	ENSG00000166224
humGainReg403	ENSG00000238918,ENSG00000107736
humGainReg404	ENSG00000230526
humGainReg42	ENSG00000252151
humGainReg425	ENSG00000184923,ENSG00000228055
humGainReg433	ENSG00000095637
humGainReg44	ENSG00000252151
humGainReg445	ENSG00000148700
humGainReg46	ENSG00000252151,ENSG00000215704
humGainReg466	ENSG00000119979,ENSG00000228485,ENSG00000242853,ENSG00000198873
humGainReg468	ENSG00000066468,ENSG00000223432,ENSG00000107669
humGainReg469	ENSG00000066468,ENSG00000223432
humGainReg479	ENSG00000233334,ENSG00000214807
humGainReg480	ENSG00000228021,ENSG00000224023,ENSG00000234134,ENSG00000107938,ENSG00000236991,ENSG00000107938
humGainReg481	ENSG00000228021,ENSG00000224023,ENSG00000234134,ENSG00000107938,ENSG00000236991,ENSG00000107938
humGainReg484	ENSG00000228021,ENSG00000224023,ENSG00000234134,ENSG00000107938,ENSG00000236991,ENSG00000107938
humGainReg495	ENSG00000108001
humGainReg5	ENSG00000149527,ENSG00000197921,ENSG00000157873,ENSG00000272449,ENSG00000238164,ENSG00000157873,ENSG00000225931,ENSG00000233234,ENSG00000231630,ENSG00000169717,ENSG00000177133,ENSG00000256761,ENSG00000142611,ENSG00000177133
humGainReg50	ENSG00000142621
humGainReg517	ENSG00000171813
humGainReg52	ENSG00000185519,ENSG00000142627,ENSG00000266584,ENSG00000225710
humGainReg520	ENSG00000215182
humGainReg522	ENSG00000205864,ENSG00000205865,ENSG00000227306,ENSG00000226416,ENSG00000232987,ENSG00000130600
humGainReg534	ENSG00000064201,ENSG00000223756
humGainReg535	ENSG00000064201,ENSG00000223756
humGainReg541	ENSG00000130413
humGainReg556	ENSG00000170959
humGainReg557	ENSG00000170959,ENSG00000254836
humGainReg56	ENSG00000117154,ENSG00000225387,ENSG00000009709
humGainReg564	ENSG00000179431
humGainReg576	ENSG00000254728,ENSG00000255527
humGainReg577	ENSG00000254728,ENSG00000255527
humGainReg589	ENSG00000240823
humGainReg590	ENSG00000250659,ENSG00000124942,ENSG00000254772,ENSG00000255508,ENSG00000149016,ENSG00000149499,ENSG00000149489,ENSG00000149541,ENSG00000089597,ENSG00000185085,ENSG00000206597,ENSG00000255432,ENSG00000162194,ENSG00000214756,ENSG00000204922,ENSG00000162194,ENSG00000168000,ENSG00000162188,ENSG00000168003
humGainReg591	ENSG00000250659,ENSG00000124942,ENSG00000254772,ENSG00000255508,ENSG00000149016,ENSG00000149499,ENSG00000149489,ENSG00000149541,ENSG00000089597,ENSG00000185085,ENSG00000206597,ENSG00000255432,ENSG00000162194,ENSG00000214756,ENSG00000204922,ENSG00000162194,ENSG00000168000,ENSG00000162188,ENSG00000168003
humGainReg597	ENSG00000173039,ENSG00000174996,ENSG00000174903,ENSG00000254461,ENSG00000254855,ENSG00000254762,ENSG00000174871,ENSG00000174851,ENSG00000179292,ENSG00000245156,ENSG00000254452
humGainReg602	ENSG00000173020,ENSG00000172932,ENSG00000172830,ENSG00000175482,ENSG00000201684,ENSG00000251637,ENSG00000206587
humGainReg603	ENSG00000160172
humGainReg62	ENSG00000158816,ENSG00000158816
humGainReg622	ENSG00000221458,ENSG00000239481
humGainReg623	ENSG00000254805,ENSG00000254972,ENSG00000223235
humGainReg624	ENSG00000221458,ENSG00000239481
humGainReg625	ENSG00000254805,ENSG00000254972,ENSG00000223235
humGainReg627	ENSG00000255261,ENSG00000221458,ENSG00000239481,ENSG00000158483
humGainReg628	ENSG00000254978,ENSG00000264091,ENSG00000256568,ENSG00000171631,ENSG00000110237,ENSG00000266866,ENSG00000110237
humGainReg629	ENSG00000255157,ENSG00000110203,ENSG00000256568
humGainReg630	ENSG00000186642,ENSG00000245148,ENSG00000186635,ENSG00000244134,ENSG00000186635,ENSG00000265064,ENSG00000214530,ENSG00000168010,ENSG00000137478
humGainReg631	ENSG00000186642,ENSG00000245148,ENSG00000186635,ENSG00000244134,ENSG00000186635,ENSG00000265064,ENSG00000214530,ENSG00000168010,ENSG00000137478
humGainReg636	ENSG00000077514
humGainReg639	ENSG00000255255,ENSG00000255081,ENSG00000198382
humGainReg642	ENSG00000255507,ENSG00000198382
humGainReg656	ENSG00000255428
humGainReg665	ENSG00000110274
humGainReg666	ENSG00000110274,ENSG00000254844,ENSG00000177103,ENSG00000137731,ENSG00000254528,ENSG00000137726
humGainReg678	ENSG00000203306,ENSG00000134955,ENSG00000150433,ENSG00000255475
humGainReg679	ENSG00000222297,ENSG00000149547
humGainReg68	ENSG00000117298,ENSG00000228823,ENSG00000162551,ENSG00000266564,ENSG00000184677,ENSG00000215906
humGainReg690	ENSG00000254842,ENSG00000255455,ENSG00000120451
humGainReg699	ENSG00000204241,ENSG00000254648
humGainReg713	ENSG00000256672,ENSG00000082805
humGainReg732	ENSG00000271357,ENSG00000151746
humGainReg738	ENSG00000255863
humGainReg739	ENSG00000050438
humGainReg759	ENSG00000139291,ENSG00000080371
humGainReg76	ENSG00000228823
humGainReg766	ENSG00000257501,ENSG00000201296
humGainReg78	ENSG00000265422,ENSG00000133216
humGainReg783	ENSG00000257603,ENSG00000257997
humGainReg790	ENSG00000256071
humGainReg796	ENSG00000089163,ENSG00000201945,ENSG00000223538
humGainReg809	ENSG00000256424,ENSG00000061936,ENSG00000061936,ENSG00000200516,ENSG00000200483,ENSG00000198598
humGainReg816	ENSG00000182957
humGainReg818	ENSG00000231983,ENSG00000180730,ENSG00000234706
humGainReg819	ENSG00000231983,ENSG00000180730
humGainReg824	ENSG00000238121,ENSG00000225039
humGainReg832	ENSG00000168852,ENSG00000176268
humGainReg834	ENSG00000227848,ENSG00000136143,ENSG00000224510,ENSG00000225131
humGainReg838	ENSG00000272281
humGainReg839	ENSG00000272281,ENSG00000272281
humGainReg840	ENSG00000197991
humGainReg845	ENSG00000215417
humGainReg85	ENSG00000266468,ENSG00000188672,ENSG00000197245,ENSG00000225854,ENSG00000176092
humGainReg850	ENSG00000235137
humGainReg852	ENSG00000152767
humGainReg856	ENSG00000088386,ENSG00000088387,ENSG00000139800,ENSG00000043355,ENSG00000175198,ENSG00000134864,ENSG00000224356,ENSG00000134864,ENSG00000237082
humGainReg858	ENSG00000236554,ENSG00000224356,ENSG00000134864,ENSG00000237082
humGainReg874	ENSG00000100867
humGainReg880	ENSG00000129493,ENSG00000250365,ENSG00000203546,ENSG00000129480,ENSG00000239323,ENSG00000151413,ENSG00000151413,ENSG00000257155,ENSG00000151413
humGainReg887	ENSG00000139865
humGainReg901	ENSG00000258592
humGainReg902	ENSG00000258592
humGainReg906	ENSG00000100612,ENSG00000258896,ENSG00000100612,ENSG00000258563
humGainReg951	ENSG00000063761
humGainReg958	ENSG00000133962
humGainReg989	ENSG00000078304,ENSG00000212330,ENSG00000196663,ENSG00000198752,ENSG00000242837
humGainReg992	ENSG00000166126
