Enhancer	hic.CP	hic.GZ	hic.CP.promoter	hic.GZ.promoter
HARv2_234	ENSG00000162482,ENSG00000235185,ENSG00000270136,ENSG00000173436	ENSG00000270136,ENSG00000173436	ENSG00000162482,ENSG00000235185,ENSG00000270136,ENSG00000173436	NA
HARv2_355	ENSG00000117614,ENSG00000117616,ENSG00000272432,ENSG00000261349,ENSG00000187010,ENSG00000188672,ENSG00000117643,ENSG00000162430	ENSG00000117616,ENSG00000187010	ENSG00000117614,ENSG00000117616,ENSG00000272432,ENSG00000261349,ENSG00000187010,ENSG00000162430	NA
HARv2_492	NA	ENSG00000187147	NA	NA
HARv2_169	NA	NA	NA	NA
HARv2_137	ENSG00000212360,ENSG00000132849	ENSG00000212360,ENSG00000132849	ENSG00000212360	ENSG00000212360,ENSG00000132849
HACNS_893	NA	ENSG00000153936	NA	NA
HACNS_87	NA	NA	NA	NA
HACNS_243	NA	NA	NA	NA
HARv2_309	NA	NA	NA	NA
HACNS_568	NA	NA	NA	NA
HACNS_185	ENSG00000163531	ENSG00000200408,ENSG00000198625,ENSG00000163531	ENSG00000163531	ENSG00000200408,ENSG00000163531
HACNS_946	NA	NA	NA	NA
HACNS_986	NA	NA	NA	NA
HACNS_542	NA	NA	NA	NA
HACNS_507,HARv2_471	NA	NA	NA	NA
HACNS_25	ENSG00000151474	ENSG00000151474	NA	NA
HARv2_80	ENSG00000120586	ENSG00000148482	NA	ENSG00000148482
HARv2_174	NA	NA	NA	NA
HACNS_449	ENSG00000099256,ENSG00000151023	ENSG00000099256,ENSG00000151023,ENSG00000185875	NA	ENSG00000185875,ENSG00000151023
HACNS_148	NA	NA	NA	NA
HACNS_154	NA	NA	NA	NA
HACNS_224	ENSG00000107736	ENSG00000107736	ENSG00000107736	ENSG00000107736
HACNS_617	NA	NA	NA	NA
HACNS_480	NA	NA	NA	NA
HACNS_342	NA	NA	NA	NA
HACNS_953	ENSG00000225118,ENSG00000138190,ENSG00000095596	ENSG00000225118,ENSG00000138190,ENSG00000095596	ENSG00000225118,ENSG00000095596	ENSG00000225118,ENSG00000095596
HARv2_511	ENSG00000120049,ENSG00000120029	ENSG00000120029	ENSG00000120049,ENSG00000120029	ENSG00000120029
HARv2_532	ENSG00000108001	ENSG00000108001	ENSG00000108001	ENSG00000108001
HACNS_769	ENSG00000167323	ENSG00000254757,ENSG00000255367,ENSG00000206976,ENSG00000167323,ENSG00000167325	ENSG00000167323	ENSG00000206976,ENSG00000167323,ENSG00000167325
HARv2_95	NA	NA	NA	NA
HARv2_441	NA	NA	NA	NA
HARv2_109	ENSG00000179241	ENSG00000149089,ENSG00000110435	ENSG00000179241	ENSG00000149089
HACNS_503,HARv2_506	ENSG00000179241,ENSG00000175104	ENSG00000179241,ENSG00000110442,ENSG00000175104	NA	ENSG00000179241
HARv2_210	ENSG00000149179,ENSG00000255520,ENSG00000149182,ENSG00000270060	ENSG00000149179,ENSG00000255520,ENSG00000256897,ENSG00000134574	ENSG00000149179,ENSG00000255520	ENSG00000149179,ENSG00000255520,ENSG00000256897
HACNS_758	ENSG00000134569,ENSG00000149179,ENSG00000271350	ENSG00000149179	ENSG00000271350,ENSG00000149179	ENSG00000149179
HACNS_790	ENSG00000137710	NA	NA	NA
HACNS_491	ENSG00000137714	ENSG00000150750,ENSG00000196167,ENSG00000214290	NA	ENSG00000196167,ENSG00000214290
HARv2_230	ENSG00000109906	ENSG00000109906,ENSG00000221112	ENSG00000109906	ENSG00000109906,ENSG00000221112
HARv2_298	NA	NA	NA	NA
HACNS_467	ENSG00000255216,ENSG00000137699	ENSG00000172350,ENSG00000245248,ENSG00000110400,ENSG00000254854,ENSG00000137699,ENSG00000184232	ENSG00000255216,ENSG00000137699	ENSG00000172350,ENSG00000254854,ENSG00000110400,ENSG00000137699
HACNS_858	ENSG00000110400,ENSG00000254854	ENSG00000110400,ENSG00000254854	ENSG00000254854,ENSG00000110400	ENSG00000254854,ENSG00000110400
HACNS_335,HARv2_384	NA	ENSG00000120457	NA	ENSG00000120457
HARv2_504	NA	ENSG00000224795,ENSG00000182667	NA	ENSG00000224795,ENSG00000182667
HACNS_105	ENSG00000011105,ENSG00000250770,ENSG00000111224	ENSG00000011105,ENSG00000250770,ENSG00000130038,ENSG00000111224	ENSG00000011105,ENSG00000250770	ENSG00000011105,ENSG00000250770,ENSG00000130038
HARv2_489	NA	NA	NA	NA
HACNS_610	NA	NA	NA	NA
HACNS_629	NA	NA	NA	NA
HACNS_694	NA	NA	NA	NA
HARv2_159	NA	NA	NA	NA
HACNS_129	NA	NA	NA	NA
HARv2_482	NA	NA	NA	NA
HARv2_491	NA	NA	NA	NA
HARv2_490	ENSG00000196510	ENSG00000221246,ENSG00000204852,ENSG00000122986	ENSG00000196510	ENSG00000221246,ENSG00000204852
HARv2_354	ENSG00000196510,ENSG00000258210	ENSG00000151164,ENSG00000196850	ENSG00000196510	NA
HARv2_256	NA	NA	NA	NA
humGainReg784,HACNS_674	ENSG00000089116,ENSG00000257935	ENSG00000139410,ENSG00000135094	ENSG00000257935,ENSG00000089116	ENSG00000139410,ENSG00000135094
HACNS_318	NA	NA	NA	NA
HACNS_336	ENSG00000270522,ENSG00000120658	ENSG00000120658,ENSG00000270522	ENSG00000270522,ENSG00000120658	ENSG00000270522,ENSG00000120658
HACNS_595	ENSG00000102804,ENSG00000225727	ENSG00000233725,ENSG00000151778,ENSG00000237361,ENSG00000102804,ENSG00000225727	ENSG00000225727,ENSG00000102804	ENSG00000233725,ENSG00000151778,ENSG00000237361,ENSG00000225727,ENSG00000102804
HACNS_917	NA	NA	NA	NA
HACNS_437	NA	NA	NA	NA
HACNS_83	NA	NA	NA	NA
humGainReg860,HACNS_38	NA	NA	NA	NA
HARv2_320	ENSG00000204398,ENSG00000215881,ENSG00000260343,ENSG00000223626,ENSG00000153498	ENSG00000204398,ENSG00000215881,ENSG00000264989,ENSG00000182968,ENSG00000153498,ENSG00000126216	ENSG00000260343,ENSG00000223626	ENSG00000204398,ENSG00000264989,ENSG00000182968,ENSG00000126216
HACNS_396	ENSG00000204398,ENSG00000215881,ENSG00000226903	ENSG00000204398,ENSG00000215881,ENSG00000200072,ENSG00000182968	ENSG00000226903	ENSG00000204398,ENSG00000215881,ENSG00000200072,ENSG00000182968
HARv2_37	NA	NA	NA	NA
HARv2_223	NA	NA	NA	NA
HARv2_157	NA	NA	NA	NA
HARv2_122	ENSG00000151322	ENSG00000151322,ENSG00000129521	NA	ENSG00000151322
HACNS_780	NA	NA	NA	NA
HARv2_351	NA	NA	NA	NA
HACNS_776	NA	NA	NA	NA
HARv2_260	NA	NA	NA	NA
HARv2_301	NA	NA	NA	NA
HACNS_379	ENSG00000258670,ENSG00000020426,ENSG00000139974,ENSG00000126814	ENSG00000027075	ENSG00000126814,ENSG00000139974	NA
HACNS_605	ENSG00000171723	ENSG00000072415	NA	NA
HACNS_269	NA	ENSG00000187105,ENSG00000251393	NA	ENSG00000187105
HARv2_262	NA	NA	NA	NA
HARv2_380	NA	NA	NA	NA
HACNS_450	NA	NA	NA	NA
HACNS_550	ENSG00000258913,ENSG00000228032,ENSG00000258986	ENSG00000258913,ENSG00000228032,ENSG00000258986,ENSG00000184601,ENSG00000259037	ENSG00000228032	ENSG00000258913,ENSG00000228032,ENSG00000184601,ENSG00000259037,ENSG00000258986
HACNS_173	NA	NA	NA	NA
HACNS_837	NA	NA	NA	NA
HACNS_961	NA	NA	NA	NA
HACNS_486	ENSG00000134138,ENSG00000259460	ENSG00000134138,ENSG00000259460	ENSG00000134138,ENSG00000259460	ENSG00000134138,ENSG00000259460
HARv2_243	NA	NA	NA	NA
HACNS_799	NA	NA	NA	NA
HACNS_924	NA	NA	NA	NA
HACNS_646	ENSG00000067141	ENSG00000067141	NA	NA
HACNS_588	NA	ENSG00000117971	NA	ENSG00000117971
HACNS_230	NA	NA	NA	NA
HACNS_931	NA	NA	NA	NA
HACNS_575	NA	NA	NA	NA
HACNS_903	NA	NA	NA	NA
HACNS_228	ENSG00000259957,ENSG00000259839,ENSG00000260769,ENSG00000166152	ENSG00000260614,ENSG00000259957,ENSG00000259839,ENSG00000260769,ENSG00000166152	ENSG00000259839,ENSG00000260769,ENSG00000166152	ENSG00000260614,ENSG00000259957,ENSG00000259839,ENSG00000260769
HACNS_181	NA	NA	NA	NA
HACNS_260	NA	NA	NA	NA
HACNS_653	NA	NA	NA	NA
HACNS_478	NA	NA	NA	NA
HARv2_203	NA	NA	NA	NA
humGainReg1207,HARv2_364	ENSG00000260084,ENSG00000168807,ENSG00000141076	ENSG00000260084	ENSG00000260084	ENSG00000260084
HACNS_714	ENSG00000201164,ENSG00000184939,ENSG00000103047	ENSG00000103044,ENSG00000168802,ENSG00000263203	ENSG00000184939,ENSG00000201164	ENSG00000103044,ENSG00000263203,ENSG00000168802
HARv2_93	ENSG00000225178	NA	ENSG00000225178	NA
humGainReg1226,HARv2_524	NA	NA	NA	NA
HACNS_563	NA	NA	NA	NA
HARv2_312	NA	NA	NA	NA
HACNS_900	NA	NA	NA	NA
HARv2_546	NA	NA	NA	NA
HACNS_471	ENSG00000273288,ENSG00000272636,ENSG00000273172,ENSG00000181031,ENSG00000241525,ENSG00000187624,ENSG00000183688,ENSG00000177370	ENSG00000273288,ENSG00000272636,ENSG00000273172,ENSG00000181031,ENSG00000241525,ENSG00000187624,ENSG00000183688,ENSG00000141252,ENSG00000263300	ENSG00000273288,ENSG00000272636,ENSG00000273172,ENSG00000181031,ENSG00000187624,ENSG00000241525,ENSG00000183688,ENSG00000177370	ENSG00000273288,ENSG00000272636,ENSG00000181031,ENSG00000187624,ENSG00000241525,ENSG00000183688,ENSG00000141252,ENSG00000263300
HACNS_429,HARv2_123	ENSG00000132383,ENSG00000070366,ENSG00000262810	ENSG00000205899,ENSG00000174231,ENSG00000108963,ENSG00000262664,ENSG00000262533,ENSG00000263050,ENSG00000267200,ENSG00000267195,ENSG00000177374,ENSG00000070366,ENSG00000262810	ENSG00000132383,ENSG00000070366,ENSG00000262810	ENSG00000205899,ENSG00000174231,ENSG00000108963,ENSG00000262664,ENSG00000262533,ENSG00000263050,ENSG00000267200,ENSG00000267195,ENSG00000177374,ENSG00000070366,ENSG00000262810
HACNS_344	NA	ENSG00000181291	NA	NA
HACNS_141	ENSG00000267315,ENSG00000172716	NA	ENSG00000267315,ENSG00000172716	NA
HACNS_530	ENSG00000005955,ENSG00000236002,ENSG00000129282	ENSG00000108272,ENSG00000129282,ENSG00000267067	ENSG00000236002,ENSG00000005955	ENSG00000108272,ENSG00000129282,ENSG00000267067
HACNS_807	NA	NA	NA	NA
HACNS_918	NA	ENSG00000168610,ENSG00000108784,ENSG00000108786,ENSG00000266929,ENSG00000108785	NA	ENSG00000168610,ENSG00000108784,ENSG00000108786,ENSG00000108785
HACNS_78	NA	ENSG00000141279	NA	ENSG00000141279
HACNS_834	NA	NA	NA	NA
HACNS_208	NA	NA	NA	NA
HARv2_168	ENSG00000272400	ENSG00000154240	ENSG00000272400	ENSG00000154240
HARv2_195	NA	NA	NA	NA
HACNS_149	NA	NA	NA	NA
HACNS_13	NA	NA	NA	NA
HACNS_654	ENSG00000196628	NA	NA	NA
HARv2_11	NA	NA	NA	NA
HACNS_811	ENSG00000226506	NA	ENSG00000226506	NA
HACNS_26	NA	NA	NA	NA
HARv2_334	NA	NA	NA	NA
HACNS_163	NA	ENSG00000138095,ENSG00000226972	NA	ENSG00000226972
HARv2_391	NA	NA	NA	NA
HACNS_855	NA	ENSG00000143995	NA	ENSG00000143995
HACNS_630,HARv2_49	NA	NA	NA	NA
HACNS_925	NA	NA	NA	NA
HARv2_303	NA	NA	NA	NA
HACNS_806	ENSG00000144218	ENSG00000241962,ENSG00000222274	NA	ENSG00000222274
HACNS_431	ENSG00000229209	NA	NA	NA
HACNS_359	ENSG00000232597,ENSG00000256637,ENSG00000228968,ENSG00000233639,ENSG00000198914,ENSG00000269707	ENSG00000232597,ENSG00000256637,ENSG00000230690,ENSG00000228528,ENSG00000233639,ENSG00000198914,ENSG00000269707,ENSG00000239587,ENSG00000229743	ENSG00000256637,ENSG00000232597,ENSG00000269707,ENSG00000233639,ENSG00000198914	ENSG00000256637,ENSG00000232597,ENSG00000230690,ENSG00000228528,ENSG00000269707,ENSG00000233639,ENSG00000198914,ENSG00000239587,ENSG00000229743
HACNS_4,HARv2_238	ENSG00000229774,ENSG00000074047	ENSG00000229774,ENSG00000074047	ENSG00000229774,ENSG00000074047	ENSG00000229774,ENSG00000074047
HACNS_401	NA	NA	NA	NA
HACNS_500	ENSG00000136560,ENSG00000235724,ENSG00000227403,ENSG00000144290,ENSG00000197635,ENSG00000078098,ENSG00000115267	ENSG00000136560,ENSG00000235724,ENSG00000227403,ENSG00000144290,ENSG00000197635,ENSG00000115267	ENSG00000136560,ENSG00000227403,ENSG00000235724,ENSG00000197635,ENSG00000078098	ENSG00000136560,ENSG00000227403,ENSG00000235724,ENSG00000115267
HACNS_454	ENSG00000115806,ENSG00000172878,ENSG00000091409,ENSG00000225205	ENSG00000115840	NA	ENSG00000115840
HARv2_148	NA	ENSG00000268821,ENSG00000077380,ENSG00000115840,ENSG00000091409,ENSG00000225205	NA	ENSG00000077380,ENSG00000268821
HARv2_412	NA	NA	NA	NA
HARv2_12	ENSG00000175879,ENSG00000237380,ENSG00000128652,ENSG00000251746,ENSG00000236501	ENSG00000175879,ENSG00000237380,ENSG00000128652,ENSG00000224577,ENSG00000236501,ENSG00000251746	ENSG00000175879,ENSG00000128652,ENSG00000237380,ENSG00000251746	ENSG00000175879,ENSG00000128652,ENSG00000251746
HACNS_760	NA	ENSG00000170035,ENSG00000236153	NA	ENSG00000170035,ENSG00000236153
HARv2_533	NA	NA	NA	NA
HACNS_686	NA	NA	NA	NA
HACNS_91,HARv2_115	ENSG00000223725	NA	NA	NA
HARv2_246	ENSG00000144583,ENSG00000138375	ENSG00000138375,ENSG00000235042,ENSG00000232485,ENSG00000241520	ENSG00000138375	ENSG00000138375,ENSG00000235042,ENSG00000241520
HACNS_826	ENSG00000231672	NA	NA	NA
HACNS_280	ENSG00000187736,ENSG00000213901,ENSG00000240317	ENSG00000187736,ENSG00000213901	ENSG00000240317,ENSG00000187736	ENSG00000187736
HACNS_118	ENSG00000227432,ENSG00000072195,ENSG00000144591,ENSG00000268603,ENSG00000123989,ENSG00000188760,ENSG00000072182,ENSG00000124006,ENSG00000268896,ENSG00000265252	ENSG00000072195,ENSG00000227432,ENSG00000144591,ENSG00000268603,ENSG00000072182,ENSG00000123989,ENSG00000188760,ENSG00000124006,ENSG00000268896,ENSG00000265252	ENSG00000072195,ENSG00000144591,ENSG00000268603,ENSG00000188760,ENSG00000123989,ENSG00000124006,ENSG00000268896,ENSG00000265252	ENSG00000072195,ENSG00000144591,ENSG00000268603,ENSG00000227432,ENSG00000072182,ENSG00000188760,ENSG00000123989,ENSG00000124006,ENSG00000268896,ENSG00000265252
HACNS_363	ENSG00000228226,ENSG00000153823	ENSG00000228226,ENSG00000153823	ENSG00000228226	ENSG00000228226
HARv2_409	NA	ENSG00000233611	NA	NA
HARv2_9	ENSG00000101266,ENSG00000271303,ENSG00000270299,ENSG00000215397	ENSG00000125841,ENSG00000225377,ENSG00000271303,ENSG00000270299,ENSG00000215397	ENSG00000101266,ENSG00000271303,ENSG00000270299,ENSG00000215397	ENSG00000125841,ENSG00000225377,ENSG00000271303,ENSG00000270299,ENSG00000215397
HARv2_153	NA	NA	NA	NA
HACNS_102,HARv2_42	ENSG00000226262,ENSG00000182621	ENSG00000125827,ENSG00000182621	ENSG00000226262	ENSG00000182621
HACNS_715	NA	NA	NA	NA
HACNS_808	NA	NA	NA	NA
HARv2_458	NA	NA	NA	NA
HACNS_508	NA	NA	NA	NA
HARv2_114	ENSG00000131044,ENSG00000088356,ENSG00000101331,ENSG00000226239,ENSG00000224452,ENSG00000101337	ENSG00000131044,ENSG00000088356,ENSG00000260903,ENSG00000252623,ENSG00000101331,ENSG00000226239,ENSG00000212571,ENSG00000101336,ENSG00000198547	ENSG00000088356,ENSG00000101331,ENSG00000226239,ENSG00000224452	ENSG00000088356,ENSG00000252623,ENSG00000101331,ENSG00000226239,ENSG00000101336,ENSG00000212571
HARv2_445	NA	NA	NA	NA
HACNS_17,HARv2_13	ENSG00000132792	NA	NA	NA
humGainReg1851,HARv2_225	NA	NA	NA	NA
HACNS_333	ENSG00000124116	NA	NA	NA
HACNS_695	NA	NA	NA	NA
HACNS_204	NA	ENSG00000233442	NA	NA
HARv2_98	NA	ENSG00000270139,ENSG00000215386,ENSG00000207638	NA	ENSG00000215386,ENSG00000270139,ENSG00000207638
HARv2_113	NA	NA	NA	NA
HACNS_930	NA	NA	NA	NA
HARv2_358	NA	NA	NA	NA
HACNS_496	NA	NA	NA	NA
HACNS_384	ENSG00000219438	ENSG00000238192,ENSG00000229275	NA	ENSG00000229275,ENSG00000238192
humGainReg1991,HACNS_652	NA	NA	NA	NA
HACNS_2	NA	NA	NA	NA
HACNS_877,HARv2_282	NA	NA	NA	NA
HARv2_373	NA	NA	NA	NA
HARv2_389	ENSG00000243149,ENSG00000264871,ENSG00000151276	ENSG00000243149,ENSG00000264871,ENSG00000270059,ENSG00000151276	ENSG00000243149,ENSG00000264871,ENSG00000151276	ENSG00000243149,ENSG00000264871,ENSG00000270059
HACNS_868,HARv2_327	NA	NA	NA	NA
HARv2_434	NA	NA	NA	NA
HARv2_465	NA	NA	NA	NA
HACNS_489	NA	NA	NA	NA
HACNS_323	NA	NA	NA	NA
HACNS_64	NA	NA	NA	NA
HACNS_168,HARv2_112	NA	ENSG00000177694,ENSG00000271842	NA	ENSG00000271842
HACNS_633	NA	NA	NA	NA
HACNS_707	ENSG00000145191	ENSG00000234371,ENSG00000263932,ENSG00000175193,ENSG00000145191,ENSG00000230215	NA	ENSG00000234371,ENSG00000175193,ENSG00000263932
HACNS_622	ENSG00000266670,ENSG00000171658,ENSG00000244405,ENSG00000058866	ENSG00000171658,ENSG00000266670,ENSG00000244405,ENSG00000058866	ENSG00000171658,ENSG00000266670,ENSG00000244405	ENSG00000171658,ENSG00000244405
HACNS_526	NA	NA	NA	NA
HACNS_411	NA	NA	NA	NA
HARv2_531	ENSG00000214145,ENSG00000178772,ENSG00000172061	ENSG00000230102,ENSG00000133657	ENSG00000178772	ENSG00000230102
HACNS_831	ENSG00000251152	ENSG00000249631,ENSG00000248300	ENSG00000251152	ENSG00000249631
HACNS_687	NA	ENSG00000250634,ENSG00000248360	NA	NA
HACNS_158	ENSG00000168214	ENSG00000091490	NA	NA
HARv2_50	NA	NA	NA	NA
HARv2_187	NA	NA	NA	NA
HACNS_665	NA	ENSG00000248144	NA	ENSG00000248144
HARv2_308	NA	NA	NA	NA
HARv2_108	NA	NA	NA	NA
HARv2_333	NA	NA	NA	NA
HARv2_167	NA	ENSG00000248869	NA	NA
HARv2_261	ENSG00000170088	NA	NA	NA
HACNS_712	NA	NA	NA	NA
HARv2_525	NA	ENSG00000174473	NA	NA
HACNS_176	ENSG00000234801,ENSG00000248174,ENSG00000164117	ENSG00000251213,ENSG00000248174	ENSG00000234801	NA
HACNS_45,HARv2_89	NA	NA	NA	NA
HACNS_474	NA	ENSG00000250590	NA	NA
HARv2_453	NA	NA	NA	NA
HARv2_22	NA	ENSG00000215158,ENSG00000152611	NA	NA
HACNS_124	NA	NA	NA	NA
HACNS_511	NA	ENSG00000244968,ENSG00000113594,ENSG00000249911	NA	ENSG00000113594,ENSG00000249911
HACNS_365	NA	NA	NA	NA
HACNS_179	NA	NA	NA	NA
HACNS_970	NA	NA	NA	NA
HACNS_108	NA	NA	NA	NA
HACNS_897	NA	NA	NA	NA
HACNS_151	NA	NA	NA	NA
HACNS_725	NA	NA	NA	NA
HACNS_704	NA	NA	NA	NA
HACNS_327	NA	NA	NA	NA
HACNS_741	NA	NA	NA	NA
HACNS_341	NA	NA	NA	NA
HACNS_18	ENSG00000044115,ENSG00000265361,ENSG00000146006,ENSG00000120725,ENSG00000201532,ENSG00000249593	ENSG00000044115,ENSG00000120725,ENSG00000249593,ENSG00000252533,ENSG00000252213,ENSG00000015479,ENSG00000200959,ENSG00000171604,ENSG00000158458	ENSG00000044115,ENSG00000201532,ENSG00000249593	ENSG00000044115,ENSG00000120725,ENSG00000252533,ENSG00000015479,ENSG00000252213,ENSG00000200959
HACNS_981	NA	ENSG00000044115,ENSG00000146006,ENSG00000120725	NA	ENSG00000044115,ENSG00000146006
HACNS_332	ENSG00000156453,ENSG00000226040,ENSG00000081791,ENSG00000271871,ENSG00000113555,ENSG00000013561	ENSG00000156453,ENSG00000081791,ENSG00000271871,ENSG00000113555,ENSG00000013561	ENSG00000156453,ENSG00000226040,ENSG00000081791,ENSG00000271871,ENSG00000013561,ENSG00000113555	ENSG00000156453,ENSG00000081791,ENSG00000271871,ENSG00000013561,ENSG00000113555
HARv2_170	NA	NA	NA	NA
HARv2_377	NA	NA	NA	NA
HARv2_14	ENSG00000184347,ENSG00000248965	NA	ENSG00000248965	NA
HARv2_387	ENSG00000250420,ENSG00000198939,ENSG00000178187,ENSG00000087116,ENSG00000264205,ENSG00000253652,ENSG00000251545,ENSG00000204661,ENSG00000228259	ENSG00000197451,ENSG00000175309,ENSG00000050767,ENSG00000113240,ENSG00000250420,ENSG00000213328,ENSG00000198939,ENSG00000087116,ENSG00000176783,ENSG00000204661,ENSG00000228259	ENSG00000264205,ENSG00000253652,ENSG00000251545,ENSG00000204661,ENSG00000228259	ENSG00000197451,ENSG00000113240,ENSG00000250420,ENSG00000213328,ENSG00000198939,ENSG00000176783,ENSG00000204661,ENSG00000228259
HARv2_484	ENSG00000112699,ENSG00000236086,ENSG00000250903	ENSG00000112699	ENSG00000236086	NA
HACNS_159,HARv2_130	ENSG00000054598,ENSG00000112699	ENSG00000054598,ENSG00000112699	ENSG00000054598	ENSG00000054598,ENSG00000112699
HACNS_662	NA	ENSG00000112699,ENSG00000250903	NA	NA
HACNS_736	NA	NA	NA	NA
HACNS_587	NA	NA	NA	NA
HACNS_659	NA	NA	NA	NA
HACNS_268	ENSG00000124493	ENSG00000124493	ENSG00000124493	ENSG00000124493
HACNS_708	ENSG00000265527,ENSG00000096060,ENSG00000223063,ENSG00000232909,ENSG00000157343	ENSG00000096060,ENSG00000223063,ENSG00000232909,ENSG00000157343,ENSG00000220734,ENSG00000196748,ENSG00000204140	ENSG00000265527,ENSG00000223063,ENSG00000096060,ENSG00000157343,ENSG00000232909	ENSG00000096060,ENSG00000223063,ENSG00000157343,ENSG00000232909,ENSG00000220734,ENSG00000196748,ENSG00000204140
HACNS_638	ENSG00000172426,ENSG00000218107,ENSG00000236961,ENSG00000237686,ENSG00000231881,ENSG00000183239	ENSG00000218107,ENSG00000236961,ENSG00000237686,ENSG00000231881,ENSG00000183239,ENSG00000180992	ENSG00000172426,ENSG00000218107,ENSG00000236961,ENSG00000231881,ENSG00000237686,ENSG00000183239	ENSG00000218107,ENSG00000231881,ENSG00000237686,ENSG00000183239
HACNS_716	NA	NA	NA	NA
HARv2_264	NA	NA	NA	NA
HACNS_120	NA	NA	NA	NA
HACNS_22	NA	NA	NA	NA
HACNS_198	ENSG00000130347,ENSG00000178409	ENSG00000178409,ENSG00000252125,ENSG00000164494	ENSG00000178409	ENSG00000178409,ENSG00000252125
HACNS_175	NA	NA	NA	NA
HACNS_428	NA	NA	NA	NA
HACNS_182	NA	NA	NA	NA
HACNS_895	NA	NA	NA	NA
HARv2_294	NA	NA	NA	NA
HARv2_379	NA	NA	NA	NA
HACNS_934	NA	NA	NA	NA
HARv2_149	NA	NA	NA	NA
HARv2_26	ENSG00000164880,ENSG00000198517,ENSG00000256005,ENSG00000225968,ENSG00000002822,ENSG00000106266,ENSG00000271098	ENSG00000230487,ENSG00000231476,ENSG00000225968,ENSG00000234977,ENSG00000205971,ENSG00000266391,ENSG00000002822	ENSG00000164880,ENSG00000198517,ENSG00000256005,ENSG00000225968,ENSG00000002822,ENSG00000106266,ENSG00000271098	ENSG00000231476,ENSG00000225968,ENSG00000234977,ENSG00000205971,ENSG00000266391,ENSG00000002822
humGainReg2735,HACNS_50	ENSG00000005020	ENSG00000005020	ENSG00000005020	ENSG00000005020
HARv2_181	ENSG00000005020	ENSG00000005020	ENSG00000005020	ENSG00000005020
HARv2_422	NA	NA	NA	NA
humGainReg2736	ENSG00000224322	ENSG00000005073,ENSG00000240990,ENSG00000257184,ENSG00000253293,ENSG00000253508	NA	ENSG00000257184,ENSG00000253293,ENSG00000240990,ENSG00000005073
HARv2_507	ENSG00000146592	ENSG00000146592	NA	NA
HARv2_406	NA	NA	NA	NA
HACNS_311	NA	NA	NA	NA
humGainReg2795,HACNS_426	ENSG00000257923,ENSG00000264642,ENSG00000160999,ENSG00000166667,ENSG00000128563,ENSG00000239969,ENSG00000239480	ENSG00000257923,ENSG00000256295,ENSG00000258093,ENSG00000252824,ENSG00000264642,ENSG00000160999,ENSG00000264675,ENSG00000128563,ENSG00000239969	ENSG00000257923,ENSG00000264642,ENSG00000160999,ENSG00000128563	ENSG00000256295,ENSG00000258093,ENSG00000252824,ENSG00000264642,ENSG00000160999,ENSG00000264675,ENSG00000128563
HACNS_647	NA	NA	NA	NA
HACNS_14	NA	NA	NA	NA
HACNS_35,HARv2_57	NA	NA	NA	NA
HARv2_444	NA	NA	NA	NA
HARv2_24	NA	NA	NA	NA
HACNS_248,HARv2_449	NA	NA	NA	NA
HARv2_331	NA	NA	NA	NA
HARv2_15	ENSG00000253739,ENSG00000175324,ENSG00000253356,ENSG00000156735,ENSG00000147535,ENSG00000085788,ENSG00000147548,ENSG00000255487	ENSG00000129691,ENSG00000240015,ENSG00000253437,ENSG00000175324,ENSG00000156735,ENSG00000085788,ENSG00000147535,ENSG00000147548,ENSG00000255487,ENSG00000147526,ENSG00000207258	ENSG00000253739,ENSG00000156735,ENSG00000175324,ENSG00000147535,ENSG00000255487,ENSG00000147548	ENSG00000129691,ENSG00000240015,ENSG00000253437,ENSG00000156735,ENSG00000175324,ENSG00000085788,ENSG00000147535,ENSG00000255487,ENSG00000147548,ENSG00000207258
HACNS_100	ENSG00000253661	NA	NA	NA
HARv2_353	NA	ENSG00000254689	NA	NA
HACNS_681	NA	NA	NA	NA
HARv2_448	NA	NA	NA	NA
HACNS_103	NA	NA	NA	NA
HACNS_427,HARv2_398	NA	NA	NA	NA
HARv2_263	NA	NA	NA	NA
HARv2_29	NA	NA	NA	NA
HACNS_53	NA	NA	NA	NA
HACNS_71	ENSG00000254389,ENSG00000184428,ENSG00000158106,ENSG00000182759,ENSG00000014164	ENSG00000182759,ENSG00000014164,ENSG00000254859,ENSG00000104518	ENSG00000184428,ENSG00000158106,ENSG00000254389,ENSG00000182759,ENSG00000014164	ENSG00000182759,ENSG00000014164,ENSG00000254859,ENSG00000104518
HARv2_28	ENSG00000144140,ENSG00000227917,ENSG00000172785	ENSG00000144140,ENSG00000227917,ENSG00000170122,ENSG00000231808,ENSG00000172785	ENSG00000227917,ENSG00000172785	ENSG00000227917,ENSG00000170122,ENSG00000231808,ENSG00000172785
HACNS_377	NA	NA	NA	NA
HACNS_532	NA	NA	NA	NA
HACNS_150	NA	NA	NA	NA
HACNS_349	ENSG00000270547,ENSG00000226197	ENSG00000270547,ENSG00000226197	ENSG00000270547,ENSG00000226197	ENSG00000270547,ENSG00000226197
HACNS_109	NA	ENSG00000044459	NA	ENSG00000044459
HARv2_145	ENSG00000171843,ENSG00000188352	ENSG00000171843	ENSG00000171843	ENSG00000171843
HACNS_409	NA	NA	NA	NA
HARv2_196	NA	ENSG00000255872	NA	NA
HACNS_232	NA	NA	NA	NA
HACNS_413	ENSG00000204291	NA	ENSG00000204291	NA
HACNS_802	NA	NA	NA	NA
HACNS_857	NA	NA	NA	NA
HACNS_229	NA	ENSG00000167081	NA	NA
humGainReg3112	NA	ENSG00000167081	NA	NA
HARv2_297	ENSG00000119487	ENSG00000227845,ENSG00000119487,ENSG00000228392	NA	ENSG00000227845,ENSG00000119487,ENSG00000228392
humGainReg3143	ENSG00000188523,ENSG00000251723,ENSG00000165695	ENSG00000125482,ENSG00000188523,ENSG00000251723,ENSG00000165695	ENSG00000251723	ENSG00000251723
HACNS_291,HARv2_268	ENSG00000089682	NA	ENSG00000089682	NA
HACNS_70,HARv2_347	NA	NA	NA	NA
HARv2_521	ENSG00000142611,ENSG00000226286	ENSG00000142611	ENSG00000226286,ENSG00000142611	NA
HARv2_305	ENSG00000177133,ENSG00000256761,ENSG00000142611,ENSG00000226286	ENSG00000177133,ENSG00000256761,ENSG00000142611,ENSG00000226286,ENSG00000272235	ENSG00000177133,ENSG00000256761,ENSG00000142611	ENSG00000177133,ENSG00000256761,ENSG00000142611,ENSG00000226286,ENSG00000272235
HACNS_512	ENSG00000237728,ENSG00000171735	NA	ENSG00000237728	NA
HACNS_978	NA	ENSG00000130940	NA	ENSG00000130940
HACNS_735	NA	NA	NA	NA
HARv2_423	NA	NA	NA	NA
HARv2_177	NA	ENSG00000215895	NA	ENSG00000215895
HARv2_316	ENSG00000224863,ENSG00000232022,ENSG00000225667	ENSG00000225667	ENSG00000224863,ENSG00000225667	NA
HACNS_236	ENSG00000242267,ENSG00000225623,ENSG00000186094	ENSG00000186094,ENSG00000230114	NA	ENSG00000230114
HACNS_520	NA	ENSG00000271782,ENSG00000185104	NA	ENSG00000271782
HARv2_236	ENSG00000174332	NA	NA	NA
HARv2_289	NA	NA	NA	NA
HARv2_251	NA	NA	NA	NA
HACNS_748	NA	NA	NA	NA
HACNS_635	NA	NA	NA	NA
HACNS_354	NA	ENSG00000079739	NA	NA
HACNS_737	NA	NA	NA	NA
HACNS_143	NA	NA	NA	NA
HARv2_160	NA	NA	NA	NA
HACNS_932	ENSG00000266832,ENSG00000057468	ENSG00000057468	ENSG00000266832	NA
HARv2_495	ENSG00000226415,ENSG00000142892,ENSG00000226084	ENSG00000142892,ENSG00000226084	ENSG00000226415,ENSG00000226084	ENSG00000226084
HARv2_110	NA	NA	NA	NA
HACNS_483	NA	NA	NA	NA
HACNS_543	NA	NA	NA	NA
HACNS_703	NA	NA	NA	NA
HARv2_212	NA	NA	NA	NA
HACNS_571	NA	NA	NA	NA
HARv2_25	NA	NA	NA	NA
HARv2_59	NA	NA	NA	NA
HARv2_558	NA	NA	NA	NA
HACNS_51	NA	NA	NA	NA
HACNS_572	NA	NA	NA	NA
HARv2_97	NA	NA	NA	NA
HACNS_41,HARv2_457	NA	NA	NA	NA
HACNS_297	NA	NA	NA	NA
HACNS_624	NA	NA	NA	NA
HACNS_537	NA	NA	NA	NA
HACNS_107	ENSG00000233184	ENSG00000238296	ENSG00000233184	ENSG00000238296
HACNS_663	NA	NA	NA	NA
HACNS_824	ENSG00000162631	NA	NA	NA
HACNS_10	NA	NA	NA	NA
HARv2_151	ENSG00000230921,ENSG00000116882	NA	ENSG00000116882,ENSG00000230921	NA
HACNS_29	NA	ENSG00000132196	NA	ENSG00000132196
HACNS_162	NA	NA	NA	NA
HACNS_296	NA	NA	NA	NA
HACNS_702	NA	ENSG00000152092	NA	NA
HACNS_608	NA	NA	NA	NA
HACNS_380	NA	NA	NA	NA
HARv2_285	NA	ENSG00000143850,ENSG00000219133	NA	ENSG00000219133
HACNS_49	NA	NA	NA	NA
HARv2_408,HACNS_887	ENSG00000231648	ENSG00000228081	NA	ENSG00000228081
HACNS_878	NA	NA	NA	NA
HACNS_425	NA	NA	NA	NA
HACNS_798	NA	NA	NA	NA
HACNS_194	NA	NA	NA	NA
HARv2_7	ENSG00000243000,ENSG00000185495,ENSG00000143756	NA	ENSG00000243000,ENSG00000185495,ENSG00000143756	NA
HACNS_383	ENSG00000252290,ENSG00000198626	ENSG00000252290,ENSG00000198626	ENSG00000252290	ENSG00000252290
HARv2_43	ENSG00000234116,ENSG00000232184,ENSG00000117020,ENSG00000226828,ENSG00000179456,ENSG00000268146	ENSG00000117020,ENSG00000226828,ENSG00000179456,ENSG00000268146,ENSG00000229960	ENSG00000117020,ENSG00000179456,ENSG00000268146	ENSG00000179456,ENSG00000268146
HARv2_274	ENSG00000054282,ENSG00000117020,ENSG00000232184,ENSG00000226828,ENSG00000179456,ENSG00000268146,ENSG00000229960	ENSG00000054282,ENSG00000232184,ENSG00000117020,ENSG00000226828,ENSG00000179456,ENSG00000268146,ENSG00000229960	ENSG00000117020,ENSG00000179456,ENSG00000268146	ENSG00000054282,ENSG00000232184,ENSG00000179456,ENSG00000268146
HACNS_443	ENSG00000162849,ENSG00000238224,ENSG00000185420	ENSG00000162849,ENSG00000185420	ENSG00000238224,ENSG00000185420	NA
HACNS_287	NA	NA	NA	NA
HARv2_215	NA	NA	NA	NA
HARv2_388	NA	NA	NA	NA
HACNS_889	NA	NA	NA	NA
HARv2_132	NA	NA	NA	NA
HARv2_79	NA	NA	NA	NA
HACNS_199,HARv2_27	NA	NA	NA	NA
HACNS_306	NA	NA	NA	NA
HACNS_987,HARv2_329	ENSG00000201260	NA	ENSG00000201260	NA
HACNS_261	ENSG00000148484	NA	NA	NA
HARv2_175	NA	NA	NA	NA
HACNS_637	NA	NA	NA	NA
HACNS_583	NA	NA	NA	NA
HACNS_942	NA	NA	NA	NA
HACNS_804	NA	NA	NA	NA
HACNS_670	ENSG00000165655,ENSG00000237149,ENSG00000270087	NA	ENSG00000237149	NA
HACNS_463	NA	NA	NA	NA
HACNS_843	NA	NA	NA	NA
HARv2_360	NA	NA	NA	NA
HACNS_781	ENSG00000172987	NA	NA	NA
HACNS_309	NA	NA	NA	NA
HACNS_203	NA	NA	NA	NA
HARv2_323	NA	NA	NA	NA
HACNS_59,HARv2_530	NA	NA	NA	NA
HACNS_849	NA	NA	NA	NA
HACNS_5,HARv2_55	NA	NA	NA	NA
HARv2_134	NA	NA	NA	NA
HACNS_31	NA	NA	NA	NA
HARv2_206	NA	ENSG00000099204	NA	ENSG00000099204
HACNS_558	NA	NA	NA	NA
HACNS_278	NA	ENSG00000177640,ENSG00000107560,ENSG00000231104	NA	ENSG00000107560,ENSG00000177640
HACNS_337	NA	ENSG00000229847,ENSG00000258114	NA	ENSG00000229847
HACNS_289	NA	NA	NA	NA
HARv2_228	NA	NA	NA	NA
HACNS_212	NA	NA	NA	NA
HARv2_419	NA	NA	NA	NA
HARv2_332	NA	ENSG00000175029	NA	ENSG00000175029
HACNS_850	NA	NA	NA	NA
HACNS_8	ENSG00000108001	NA	ENSG00000108001	NA
HARv2_400	NA	NA	NA	NA
HACNS_271	NA	NA	NA	NA
HARv2_340	NA	NA	NA	NA
HACNS_475	ENSG00000165752,ENSG00000171811,ENSG00000270235,ENSG00000130643,ENSG00000198546	ENSG00000234531,ENSG00000148826,ENSG00000230468,ENSG00000221108,ENSG00000237635,ENSG00000258911	ENSG00000270235,ENSG00000130643	ENSG00000234531,ENSG00000148826,ENSG00000221108,ENSG00000230468,ENSG00000237635,ENSG00000258911
HACNS_540	NA	ENSG00000271758,ENSG00000254951	NA	NA
HARv2_286,HACNS_364	NA	NA	NA	NA
HARv2_135	ENSG00000241008,ENSG00000271758,ENSG00000254951	ENSG00000130413	ENSG00000241008	ENSG00000130413
HACNS_147,HARv2_346	NA	NA	NA	NA
HACNS_684	NA	NA	NA	NA
HARv2_235	NA	ENSG00000255323	NA	ENSG00000255323
HACNS_498	NA	NA	NA	NA
HACNS_144	NA	NA	NA	NA
HACNS_938	NA	NA	NA	NA
HACNS_648	ENSG00000152219	ENSG00000254532,ENSG00000255288,ENSG00000152219	ENSG00000152219	ENSG00000255288,ENSG00000152219
HARv2_514	NA	NA	NA	NA
HARv2_456	ENSG00000170959	ENSG00000170959	ENSG00000170959	ENSG00000170959
HARv2_326	NA	NA	NA	NA
HACNS_860	NA	NA	NA	NA
HARv2_226	ENSG00000166326	NA	NA	NA
HACNS_688	NA	NA	NA	NA
HACNS_331	ENSG00000254562	NA	ENSG00000254562	NA
HACNS_522	NA	NA	NA	NA
HACNS_606	NA	NA	NA	NA
HARv2_466	NA	NA	NA	NA
HACNS_245	ENSG00000149179	ENSG00000149179	NA	NA
HACNS_283	ENSG00000256280,ENSG00000072518,ENSG00000176340,ENSG00000256100,ENSG00000167770,ENSG00000133315,ENSG00000256824	ENSG00000168005,ENSG00000256280,ENSG00000072518,ENSG00000110583,ENSG00000207200,ENSG00000176340,ENSG00000256100,ENSG00000167770,ENSG00000133315,ENSG00000256824	ENSG00000072518,ENSG00000256280,ENSG00000176340,ENSG00000256100,ENSG00000167770,ENSG00000133315,ENSG00000256824	ENSG00000168005,ENSG00000072518,ENSG00000256280,ENSG00000207200,ENSG00000176340,ENSG00000256100,ENSG00000167770,ENSG00000133315
HACNS_301	ENSG00000149256	NA	NA	NA
HACNS_733	NA	NA	NA	NA
HACNS_233	NA	NA	NA	NA
HACNS_729	NA	NA	NA	NA
HACNS_746	ENSG00000137500,ENSG00000255234	ENSG00000255234,ENSG00000255003	ENSG00000137500,ENSG00000255234	NA
HACNS_774	NA	NA	NA	NA
HARv2_184	NA	NA	NA	NA
HACNS_721	NA	NA	NA	NA
HACNS_775	ENSG00000238388,ENSG00000165895	ENSG00000200047,ENSG00000165895	ENSG00000238388	ENSG00000165895,ENSG00000200047
HACNS_759	NA	NA	NA	NA
HACNS_872	NA	NA	NA	NA
HACNS_249	NA	NA	NA	NA
HACNS_698	NA	NA	NA	NA
HACNS_548,HARv2_87	NA	NA	NA	NA
HARv2_116	NA	NA	NA	NA
HACNS_459	ENSG00000177103,ENSG00000137731,ENSG00000254844,ENSG00000255245,ENSG00000255274	ENSG00000270403,ENSG00000177103,ENSG00000137731,ENSG00000254844	ENSG00000254844,ENSG00000177103,ENSG00000137731	ENSG00000270403,ENSG00000177103,ENSG00000254844
HARv2_62	ENSG00000255239,ENSG00000255422,ENSG00000118181,ENSG00000196655,ENSG00000137700	ENSG00000255422	ENSG00000255239,ENSG00000196655,ENSG00000118181,ENSG00000137700	NA
HACNS_74	NA	NA	NA	NA
HARv2_32	ENSG00000134955,ENSG00000203306,ENSG00000150433,ENSG00000255475,ENSG00000254880,ENSG00000165495	ENSG00000149548,ENSG00000134955,ENSG00000203306,ENSG00000150433,ENSG00000187686,ENSG00000255475,ENSG00000254880,ENSG00000165495	ENSG00000134955,ENSG00000203306,ENSG00000150433,ENSG00000255475,ENSG00000165495,ENSG00000254880	ENSG00000255475,ENSG00000165495,ENSG00000254880
HACNS_15	NA	NA	NA	NA
HACNS_123	NA	NA	NA	NA
HARv2_415	NA	NA	NA	NA
HACNS_28	ENSG00000237654,ENSG00000182667	ENSG00000182667,ENSG00000237654	NA	NA
HARv2_446	NA	ENSG00000227125	NA	NA
HACNS_839	NA	NA	NA	NA
humGainReg698	NA	NA	NA	NA
HACNS_927	NA	NA	NA	NA
HACNS_58	NA	NA	NA	NA
HACNS_69	NA	NA	NA	NA
HACNS_63	ENSG00000183715	ENSG00000182667,ENSG00000183715	NA	ENSG00000182667
HACNS_304	NA	NA	NA	NA
HACNS_497	NA	ENSG00000183715	NA	NA
HACNS_7,HARv2_557	NA	NA	NA	NA
HARv2_106	NA	NA	NA	NA
HACNS_20	NA	ENSG00000165714	NA	NA
HARv2_447	NA	NA	NA	NA
HACNS_79	NA	NA	NA	NA
HACNS_121	NA	NA	NA	NA
HACNS_866	NA	NA	NA	NA
HARv2_179	ENSG00000256389	NA	NA	NA
HACNS_66	NA	NA	NA	NA
HACNS_717	NA	NA	NA	NA
HARv2_100	NA	NA	NA	NA
HACNS_321	NA	NA	NA	NA
HARv2_399	ENSG00000166896	NA	ENSG00000166896	NA
HARv2_314	NA	NA	NA	NA
HARv2_513,HACNS_660	NA	NA	NA	NA
HARv2_199	NA	NA	NA	NA
HACNS_499	NA	NA	NA	NA
HARv2_386	NA	NA	NA	NA
HACNS_569	NA	NA	NA	NA
HACNS_817	NA	NA	NA	NA
HACNS_678	NA	NA	NA	NA
HACNS_536	NA	NA	NA	NA
HARv2_322	NA	ENSG00000072657	NA	NA
HARv2_249	NA	NA	NA	NA
HACNS_111	NA	NA	NA	NA
HACNS_640	NA	NA	NA	NA
HACNS_910	NA	NA	NA	NA
HARv2_244	NA	NA	NA	NA
HACNS_921	NA	NA	NA	NA
HACNS_240	NA	NA	NA	NA
HARv2_178	ENSG00000257360,ENSG00000136040	ENSG00000257360	ENSG00000257360,ENSG00000136040	ENSG00000257360
HACNS_973	NA	NA	NA	NA
HARv2_480	NA	NA	NA	NA
HARv2_205	NA	ENSG00000171759,ENSG00000139352	NA	ENSG00000171759,ENSG00000139352
HACNS_685	ENSG00000247213	ENSG00000198855	NA	ENSG00000198855
HARv2_478	NA	ENSG00000247213	NA	ENSG00000247213
HACNS_673	NA	NA	NA	NA
HACNS_577	ENSG00000255838,ENSG00000151948	ENSG00000151952	ENSG00000255838	NA
HARv2_118	NA	NA	NA	NA
HACNS_295	ENSG00000150907	NA	NA	NA
HARv2_550	NA	NA	NA	NA
HACNS_239	ENSG00000217576,ENSG00000272281,ENSG00000198384	ENSG00000198384	NA	NA
HACNS_494	NA	NA	NA	NA
HARv2_476	NA	NA	NA	NA
HACNS_794	NA	NA	NA	NA
HACNS_531	NA	NA	NA	NA
HACNS_430	NA	NA	NA	NA
HACNS_406	NA	NA	NA	NA
HARv2_425	NA	NA	NA	NA
HACNS_745	NA	NA	NA	NA
HARv2_124	NA	NA	NA	NA
HACNS_104	NA	NA	NA	NA
HACNS_567	NA	NA	NA	NA
HACNS_60,HARv2_18	NA	NA	NA	NA
HACNS_222	NA	ENSG00000165659	NA	NA
HARv2_296	ENSG00000226846	ENSG00000226846	NA	NA
HACNS_11,HARv2_5,HARv2_125	NA	NA	NA	NA
HACNS_645	ENSG00000178734,ENSG00000223458,ENSG00000178695,ENSG00000264908	NA	ENSG00000178734,ENSG00000223458,ENSG00000178695,ENSG00000264908	NA
HARv2_293	ENSG00000261553,ENSG00000136153,ENSG00000178695,ENSG00000264908	ENSG00000261553,ENSG00000136153	ENSG00000178695,ENSG00000264908	NA
HACNS_313	NA	NA	NA	NA
HARv2_271	NA	NA	NA	NA
HACNS_55	NA	NA	NA	NA
HACNS_172	NA	NA	NA	NA
HACNS_616	NA	NA	NA	NA
HACNS_979	NA	NA	NA	NA
HACNS_841	NA	NA	NA	NA
HACNS_472	NA	NA	NA	NA
HACNS_329	NA	ENSG00000183098	NA	NA
HACNS_533	NA	NA	NA	NA
HARv2_474	NA	NA	NA	NA
HACNS_510	NA	ENSG00000125257	NA	NA
HACNS_643	NA	NA	NA	NA
HACNS_615	ENSG00000185352	NA	NA	NA
HACNS_367	ENSG00000139793	NA	NA	NA
HACNS_293	NA	NA	NA	NA
HACNS_164	NA	NA	NA	NA
HACNS_726	NA	ENSG00000185352	NA	NA
HACNS_386	ENSG00000102595,ENSG00000185352	ENSG00000102595,ENSG00000185352	ENSG00000102595,ENSG00000185352	ENSG00000102595,ENSG00000185352
HACNS_632	NA	ENSG00000102595,ENSG00000185352,ENSG00000242614	NA	ENSG00000102595,ENSG00000242614
HACNS_254,HARv2_344	ENSG00000236554,ENSG00000270632,ENSG00000175198	ENSG00000175198	ENSG00000236554,ENSG00000270632	NA
HARv2_190	NA	NA	NA	NA
HACNS_604	NA	NA	NA	NA
HARv2_232	NA	NA	NA	NA
HACNS_188	NA	NA	NA	NA
HACNS_763	NA	NA	NA	NA
HACNS_528	ENSG00000258444,ENSG00000092054,ENSG00000215991	ENSG00000100836,ENSG00000268702,ENSG00000258643,ENSG00000092054	ENSG00000258444,ENSG00000215991,ENSG00000092054	ENSG00000100836,ENSG00000268702,ENSG00000092054
HACNS_225	NA	NA	NA	NA
HARv2_120	NA	NA	NA	NA
HARv2_543	NA	NA	NA	NA
HACNS_801	NA	NA	NA	NA
HARv2_189	NA	NA	NA	NA
HARv2_82,HACNS_167	ENSG00000258932	ENSG00000258932	NA	NA
HACNS_658	ENSG00000151322	NA	NA	NA
HACNS_490	ENSG00000151320	ENSG00000151322	NA	NA
HACNS_553	NA	NA	NA	NA
HACNS_221	NA	NA	NA	NA
HACNS_96	ENSG00000129521	ENSG00000151322	ENSG00000129521	NA
HARv2_142	ENSG00000151322	ENSG00000129521	NA	NA
HARv2_428	ENSG00000265530,ENSG00000100902,ENSG00000258790,ENSG00000100916,ENSG00000257307,ENSG00000258342,ENSG00000259104,ENSG00000257585,ENSG00000183032,ENSG00000266327	ENSG00000100890,ENSG00000258790,ENSG00000258601,ENSG00000183032	ENSG00000265530,ENSG00000100902,ENSG00000100916,ENSG00000257307,ENSG00000266327	NA
HACNS_328,HARv2_424	NA	NA	NA	NA
HACNS_867	ENSG00000183032	ENSG00000259104,ENSG00000257585	NA	NA
HARv2_44	NA	ENSG00000259104,ENSG00000257585,ENSG00000183032,ENSG00000139865,ENSG00000259048	NA	ENSG00000183032,ENSG00000139865,ENSG00000259048
HACNS_602	NA	NA	NA	NA
HACNS_23	NA	NA	NA	NA
HARv2_345	NA	NA	NA	NA
HACNS_890	NA	NA	NA	NA
HACNS_308	NA	NA	NA	NA
HACNS_947	NA	NA	NA	NA
HACNS_864	ENSG00000258700	NA	NA	NA
HACNS_320	NA	NA	NA	NA
HARv2_211	NA	NA	NA	NA
HARv2_48	NA	NA	NA	NA
HACNS_783	NA	NA	NA	NA
HACNS_771	NA	NA	NA	NA
HACNS_723	NA	ENSG00000258427,ENSG00000179008,ENSG00000259169	NA	ENSG00000258427,ENSG00000259169
HACNS_207	NA	NA	NA	NA
HACNS_389	NA	NA	NA	NA
HACNS_951	ENSG00000100554,ENSG00000072415	NA	NA	NA
HACNS_461	ENSG00000198732	ENSG00000198732,ENSG00000100678	NA	ENSG00000198732
HARv2_52,HACNS_6	NA	NA	NA	NA
HACNS_914	ENSG00000063761	NA	NA	NA
HACNS_493	NA	ENSG00000063761	NA	NA
HACNS_253	NA	NA	NA	NA
HACNS_950	NA	ENSG00000258416	NA	NA
HARv2_518	NA	ENSG00000100629	NA	NA
HACNS_544	NA	NA	NA	NA
HACNS_991	NA	NA	NA	NA
HACNS_651	NA	NA	NA	NA
HACNS_130	NA	NA	NA	NA
HARv2_394	NA	NA	NA	NA
HACNS_462	NA	NA	NA	NA
HACNS_178	NA	NA	NA	NA
HACNS_67	NA	NA	NA	NA
HACNS_768	NA	NA	NA	NA
HACNS_197	NA	NA	NA	NA
HACNS_992	NA	NA	NA	NA
HARv2_522	NA	NA	NA	NA
HARv2_180	ENSG00000166183,ENSG00000207568,ENSG00000258748,ENSG00000066735,ENSG00000258913,ENSG00000228032,ENSG00000258598,ENSG00000258986	ENSG00000166183,ENSG00000207568,ENSG00000258748,ENSG00000066735,ENSG00000258913,ENSG00000228032,ENSG00000258986	ENSG00000166183,ENSG00000207568,ENSG00000066735,ENSG00000258748,ENSG00000228032,ENSG00000258598	ENSG00000166183,ENSG00000207568,ENSG00000066735,ENSG00000258748,ENSG00000228032
HACNS_677	NA	NA	NA	NA
HARv2_31	NA	NA	NA	NA
HARv2_397	NA	NA	NA	NA
HARv2_365,HACNS_960	NA	NA	NA	NA
HARv2_133	NA	NA	NA	NA
HACNS_696	NA	ENSG00000166262	NA	NA
HARv2_368	ENSG00000166415	ENSG00000166415	NA	NA
HARv2_483	NA	NA	NA	NA
HACNS_82	ENSG00000259285,ENSG00000128918,ENSG00000103569	NA	ENSG00000259285,ENSG00000128918	NA
HARv2_375	ENSG00000259238,ENSG00000140299	NA	ENSG00000259238,ENSG00000140299	NA
HACNS_52	NA	ENSG00000128915	NA	ENSG00000128915
HACNS_847	ENSG00000157890	ENSG00000157890	NA	NA
HACNS_863	NA	NA	NA	NA
HACNS_385	NA	NA	NA	NA
HACNS_844	NA	NA	NA	NA
HACNS_155	NA	NA	NA	NA
HACNS_375	NA	NA	NA	NA
HACNS_257	ENSG00000259281,ENSG00000169783	ENSG00000259666,ENSG00000169783,ENSG00000259281	ENSG00000169783	ENSG00000259281
HACNS_649	NA	NA	NA	NA
HARv2_393	ENSG00000259713,ENSG00000140527,ENSG00000140575,ENSG00000140577,ENSG00000259736,ENSG00000197299	ENSG00000182768,ENSG00000213471,ENSG00000261147,ENSG00000270322,ENSG00000271396,ENSG00000228998,ENSG00000238244,ENSG00000196391,ENSG00000140575,ENSG00000259212,ENSG00000140577	ENSG00000140575,ENSG00000140577	ENSG00000182768,ENSG00000270322,ENSG00000271396,ENSG00000238244,ENSG00000196391,ENSG00000140577,ENSG00000259212
HARv2_317	NA	NA	NA	NA
HARv2_472	ENSG00000258551,ENSG00000176463	ENSG00000176463	NA	ENSG00000176463
HACNS_132,HARv2_477	NA	NA	NA	NA
HACNS_237	NA	NA	NA	NA
HACNS_119,HARv2_328	NA	ENSG00000247809	NA	NA
HACNS_853	NA	NA	NA	NA
HARv2_462	NA	NA	NA	NA
humGainReg1102,HACNS_32,HARv2_341	NA	NA	NA	NA
HARv2_258	NA	NA	NA	NA
HACNS_255	NA	NA	NA	NA
HARv2_8	NA	NA	NA	NA
HACNS_452	NA	ENSG00000259611,ENSG00000259199	NA	ENSG00000259611
HARv2_146	ENSG00000118894,ENSG00000267070	ENSG00000205832	ENSG00000118894,ENSG00000267070	NA
HARv2_537	ENSG00000267070	ENSG00000267070	NA	NA
HARv2_321	NA	NA	NA	NA
HARv2_300	NA	NA	NA	NA
HARv2_128	NA	NA	NA	NA
HACNS_177	NA	NA	NA	NA
HARv2_505	NA	NA	NA	NA
HARv2_437	NA	NA	NA	NA
HARv2_17	NA	NA	NA	NA
HARv2_204	NA	NA	NA	NA
HARv2_551	NA	NA	NA	NA
HACNS_705	NA	NA	NA	NA
HARv2_469	NA	NA	NA	NA
HARv2_216	NA	NA	NA	NA
HACNS_345	ENSG00000259929,ENSG00000260242,ENSG00000185164,ENSG00000262974,ENSG00000256340,ENSG00000260550	ENSG00000185164,ENSG00000256340	ENSG00000185164,ENSG00000262974,ENSG00000256340,ENSG00000260550	ENSG00000185164
HACNS_976	NA	ENSG00000185164,ENSG00000256340	NA	ENSG00000185164
HACNS_881	ENSG00000167191,ENSG00000265524,ENSG00000169340,ENSG00000263237,ENSG00000066813	ENSG00000174628,ENSG00000167191,ENSG00000265524,ENSG00000169344,ENSG00000169340,ENSG00000263237	ENSG00000167191,ENSG00000265524,ENSG00000263237,ENSG00000066813	ENSG00000167191,ENSG00000265524,ENSG00000169344,ENSG00000263237
HACNS_99	NA	NA	NA	NA
HACNS_911	NA	NA	NA	NA
HACNS_211	NA	NA	NA	NA
HACNS_754	NA	NA	NA	NA
HACNS_136	NA	ENSG00000260975	NA	NA
HACNS_795	NA	NA	NA	NA
HARv2_559	NA	NA	NA	NA
HARv2_371	NA	NA	NA	NA
HACNS_527	NA	ENSG00000140718	NA	ENSG00000140718
HARv2_369	ENSG00000125124	NA	ENSG00000125124	NA
HACNS_298	NA	NA	NA	NA
HACNS_956	NA	NA	NA	NA
HACNS_390,HARv2_191	NA	NA	NA	NA
HACNS_234	NA	NA	NA	NA
HACNS_444	NA	NA	NA	NA
HACNS_152	NA	NA	NA	NA
HACNS_72	NA	NA	NA	NA
HACNS_968	ENSG00000140937,ENSG00000260834,ENSG00000260364	NA	ENSG00000260834	NA
HACNS_290	ENSG00000168807,ENSG00000141076	NA	NA	NA
HACNS_618,HARv2_299	NA	NA	NA	NA
HACNS_405,HARv2_529	NA	NA	NA	NA
HACNS_933	NA	NA	NA	NA
HACNS_682	ENSG00000272250,ENSG00000271009,ENSG00000140836	ENSG00000272250,ENSG00000271009,ENSG00000140836	ENSG00000272250,ENSG00000271009,ENSG00000140836	ENSG00000272250,ENSG00000271009,ENSG00000140836
HARv2_403	NA	ENSG00000197445,ENSG00000261404	NA	ENSG00000197445
HACNS_65	NA	NA	NA	NA
HACNS_846	ENSG00000261063,ENSG00000260922	ENSG00000261063,ENSG00000260922,ENSG00000140873	NA	ENSG00000260922
HARv2_194	ENSG00000140876	ENSG00000140876	ENSG00000140876	ENSG00000140876
HACNS_756	NA	NA	NA	NA
HARv2_383	NA	NA	NA	NA
HARv2_140	NA	NA	NA	NA
HARv2_440	NA	NA	NA	NA
humGainReg1240,HARv2_121,HACNS_160	NA	NA	NA	NA
HARv2_33	NA	NA	NA	NA
HARv2_35	NA	ENSG00000186153,ENSG00000260969	NA	ENSG00000260969
HARv2_99	NA	NA	NA	NA
HARv2_21,HACNS_40	NA	NA	NA	NA
HARv2_131	NA	NA	NA	NA
HACNS_44,HARv2_117	ENSG00000140945	ENSG00000261176,ENSG00000140945	ENSG00000140945	ENSG00000261176
HARv2_84	NA	NA	NA	NA
HARv2_214	NA	NA	NA	NA
HARv2_53	NA	NA	NA	NA
HARv2_275	NA	NA	NA	NA
HARv2_517	NA	NA	NA	NA
HARv2_401	NA	NA	NA	NA
HACNS_613	NA	ENSG00000091592	NA	ENSG00000091592
HACNS_784	ENSG00000007174	ENSG00000007237	NA	ENSG00000007237
HARv2_450	NA	NA	NA	NA
HACNS_700	NA	NA	NA	NA
HACNS_693	NA	NA	NA	NA
HACNS_303	NA	NA	NA	NA
HACNS_299	NA	NA	NA	NA
HACNS_417	NA	NA	NA	NA
HARv2_295	NA	NA	NA	NA
HACNS_772	ENSG00000272134,ENSG00000176809,ENSG00000272220,ENSG00000265218	ENSG00000154240	ENSG00000176809,ENSG00000272134,ENSG00000272220,ENSG00000265218	NA
HARv2_200	NA	NA	NA	NA
HACNS_206,HARv2_545	NA	ENSG00000154217	NA	NA
HACNS_346	NA	NA	NA	NA
HARv2_279	NA	NA	NA	NA
HACNS_828	ENSG00000267065	ENSG00000267535,ENSG00000167889	NA	ENSG00000267535,ENSG00000167889
HACNS_786	NA	NA	NA	NA
HARv2_392	ENSG00000173482	NA	NA	NA
HARv2_336	NA	ENSG00000263827,ENSG00000173482	NA	ENSG00000263827
HARv2_544	ENSG00000154856,ENSG00000266604,ENSG00000264072,ENSG00000266470,ENSG00000265038	NA	ENSG00000154856,ENSG00000266604,ENSG00000264072,ENSG00000266470,ENSG00000265038	NA
HARv2_562	NA	NA	NA	NA
HARv2_475	NA	NA	NA	NA
HARv2_67	NA	NA	NA	NA
HARv2_512	NA	NA	NA	NA
HACNS_312	NA	NA	NA	NA
HACNS_216	ENSG00000134775	NA	NA	NA
HACNS_39	NA	NA	NA	NA
HARv2_461	NA	NA	NA	NA
HACNS_131	NA	NA	NA	NA
HACNS_305	ENSG00000267374	NA	ENSG00000267374	NA
HACNS_495	NA	NA	NA	NA
HACNS_770,HARv2_339	NA	NA	NA	NA
HARv2_552	NA	NA	NA	NA
HACNS_892	NA	NA	NA	NA
HARv2_436	NA	NA	NA	NA
HACNS_517	NA	NA	NA	NA
HACNS_434	NA	NA	NA	NA
HARv2_325	NA	NA	NA	NA
HARv2_563	NA	NA	NA	NA
HARv2_209	NA	ENSG00000267337	NA	NA
HACNS_621	NA	NA	NA	NA
HARv2_166	ENSG00000167220,ENSG00000267228,ENSG00000267761	NA	ENSG00000167220	NA
HACNS_916	ENSG00000134030,ENSG00000267762	ENSG00000134030	ENSG00000267762,ENSG00000134030	NA
HARv2_374	ENSG00000167315,ENSG00000251992,ENSG00000252139,ENSG00000266997,ENSG00000267322,ENSG00000167306,ENSG00000201668,ENSG00000240663	ENSG00000167315,ENSG00000266997,ENSG00000267322,ENSG00000167306,ENSG00000240663	ENSG00000167315,ENSG00000267322,ENSG00000251992,ENSG00000252139,ENSG00000201668,ENSG00000167306,ENSG00000240663	ENSG00000167306,ENSG00000240663
HACNS_777	NA	NA	NA	NA
HACNS_218	NA	NA	NA	NA
HACNS_267	NA	NA	NA	NA
HARv2_171	NA	NA	NA	NA
HACNS_969	NA	NA	NA	NA
HACNS_761	ENSG00000166845	ENSG00000267284	NA	NA
HACNS_982	NA	NA	NA	NA
HARv2_207	ENSG00000066926	ENSG00000134440	NA	ENSG00000134440
HARv2_23	NA	NA	NA	NA
HARv2_58	NA	ENSG00000267098	NA	NA
HACNS_420	NA	NA	NA	NA
HACNS_42,HARv2_16	ENSG00000197563	ENSG00000176641	NA	ENSG00000176641
HARv2_432	NA	NA	NA	NA
HACNS_161	NA	NA	NA	NA
HARv2_254	NA	NA	NA	NA
HACNS_902	NA	ENSG00000215421,ENSG00000261194	NA	ENSG00000261194
HACNS_859	NA	ENSG00000215421	NA	NA
HACNS_593,HARv2_310	ENSG00000215421	NA	NA	NA
HACNS_555	ENSG00000215421,ENSG00000266460	NA	NA	NA
HACNS_479	NA	NA	NA	NA
HACNS_525	NA	NA	NA	NA
HACNS_368	NA	NA	NA	NA
HACNS_554	NA	NA	NA	NA
HACNS_192	NA	NA	NA	NA
HACNS_445	ENSG00000124302	ENSG00000124302	NA	NA
HACNS_47	NA	NA	NA	NA
HARv2_183	ENSG00000134318,ENSG00000226961,ENSG00000230952	NA	ENSG00000134318,ENSG00000226961,ENSG00000230952	NA
HACNS_373	NA	NA	NA	NA
HACNS_468	NA	NA	NA	NA
HARv2_417	NA	ENSG00000226764	NA	NA
HACNS_133	NA	NA	NA	NA
HARv2_39,HACNS_220	NA	NA	NA	NA
HACNS_791	NA	NA	NA	NA
HACNS_137	NA	NA	NA	NA
HACNS_407	NA	ENSG00000231200	NA	NA
HACNS_85,HARv2_319	NA	ENSG00000270654,ENSG00000231204,ENSG00000233005	NA	ENSG00000270654
HARv2_542	NA	NA	NA	NA
HACNS_874	NA	ENSG00000233005	NA	NA
HACNS_744	NA	NA	NA	NA
HARv2_41	NA	NA	NA	NA
HARv2_155	NA	NA	NA	NA
HACNS_402	NA	NA	NA	NA
HARv2_515	NA	NA	NA	NA
HACNS_250	ENSG00000171094	ENSG00000163811,ENSG00000189350,ENSG00000171094	NA	ENSG00000189350,ENSG00000171094
HACNS_398	NA	NA	NA	NA
HACNS_592	NA	NA	NA	NA
HACNS_94	NA	NA	NA	NA
HARv2_454	ENSG00000237320,ENSG00000226994	NA	ENSG00000237320	NA
HARv2_265	ENSG00000183023	NA	ENSG00000183023	NA
HACNS_171	ENSG00000225156	ENSG00000259439,ENSG00000236502,ENSG00000138083,ENSG00000225156	ENSG00000225156	ENSG00000259439,ENSG00000138083,ENSG00000236502,ENSG00000225156
HACNS_282	NA	NA	NA	NA
HACNS_292	NA	NA	NA	NA
HARv2_411	NA	NA	NA	NA
HACNS_412	ENSG00000170820	NA	NA	NA
HACNS_263	NA	NA	NA	NA
HACNS_371	NA	NA	NA	NA
HARv2_338	NA	NA	NA	NA
HACNS_851	NA	NA	NA	NA
HACNS_101	NA	NA	NA	NA
HARv2_451	NA	NA	NA	NA
HARv2_427	NA	NA	NA	NA
HACNS_989	NA	ENSG00000144036	NA	NA
HACNS_711	NA	ENSG00000135636	NA	ENSG00000135636
HACNS_509	NA	NA	NA	NA
HACNS_937	NA	NA	NA	NA
HACNS_800	NA	NA	NA	NA
HACNS_582	NA	NA	NA	NA
HACNS_166	NA	NA	NA	NA
HACNS_92	NA	NA	NA	NA
HACNS_560	NA	NA	NA	NA
HARv2_217	NA	NA	NA	NA
HACNS_391	NA	NA	NA	NA
HACNS_433	ENSG00000144218	ENSG00000144218	ENSG00000144218	NA
HACNS_393	NA	NA	NA	NA
HACNS_374	NA	NA	NA	NA
HACNS_669	NA	NA	NA	NA
HACNS_683	NA	NA	NA	NA
HACNS_985	ENSG00000153093,ENSG00000172965,ENSG00000224959,ENSG00000240350	ENSG00000175701,ENSG00000261760,ENSG00000172965,ENSG00000153107	ENSG00000172965,ENSG00000240350,ENSG00000224959	ENSG00000261760,ENSG00000172965,ENSG00000153107
HARv2_10	NA	NA	NA	NA
HARv2_45	NA	NA	NA	NA
HACNS_77	NA	NA	NA	NA
HACNS_122	NA	NA	NA	NA
HARv2_248	NA	NA	NA	NA
HACNS_56,HARv2_20	NA	NA	NA	NA
HACNS_815	NA	NA	NA	NA
HACNS_95,HARv2_164	NA	NA	NA	NA
HACNS_886	NA	NA	NA	NA
HACNS_842	NA	NA	NA	NA
HACNS_453	ENSG00000144229	ENSG00000144229	NA	NA
HARv2_119	NA	NA	NA	NA
HACNS_259	NA	ENSG00000231758,ENSG00000075884	NA	ENSG00000231758
HARv2_381	NA	NA	NA	NA
HACNS_631,HARv2_240	NA	NA	NA	NA
HARv2_356	ENSG00000075884,ENSG00000257640,ENSG00000258268,ENSG00000257277,ENSG00000232377,ENSG00000121964	ENSG00000075884,ENSG00000257277,ENSG00000232377,ENSG00000121964	ENSG00000075884,ENSG00000257277,ENSG00000232377,ENSG00000121964	ENSG00000257277,ENSG00000232377,ENSG00000121964
HARv2_34	NA	NA	NA	NA
HACNS_915	NA	NA	NA	NA
HARv2_404	NA	NA	NA	NA
HARv2_290	NA	NA	NA	NA
HARv2_390	NA	NA	NA	NA
HACNS_238	NA	NA	NA	NA
HARv2_539	ENSG00000188668	NA	ENSG00000188668	NA
HARv2_342	ENSG00000221590,ENSG00000115233,ENSG00000271924,ENSG00000136535,ENSG00000224076,ENSG00000251621,ENSG00000144290,ENSG00000197635,ENSG00000078098,ENSG00000236841	ENSG00000271924,ENSG00000115233,ENSG00000136535,ENSG00000224076,ENSG00000251621,ENSG00000144290,ENSG00000197635	ENSG00000221590,ENSG00000115233,ENSG00000271924,ENSG00000136535,ENSG00000251621,ENSG00000144290,ENSG00000224076,ENSG00000197635	ENSG00000115233,ENSG00000271924,ENSG00000136535,ENSG00000251621,ENSG00000144290,ENSG00000224076
HACNS_106	ENSG00000144290,ENSG00000115267	ENSG00000115267	ENSG00000115267	ENSG00000115267
HACNS_983	NA	NA	NA	NA
HARv2_239	NA	NA	NA	NA
HACNS_718	NA	ENSG00000163092	NA	NA
HACNS_484	ENSG00000213981,ENSG00000071909	NA	ENSG00000213981	NA
HACNS_57	ENSG00000071909,ENSG00000231898	ENSG00000144357,ENSG00000071909,ENSG00000231898	ENSG00000231898,ENSG00000071909	ENSG00000144357,ENSG00000231898,ENSG00000071909
HACNS_747	NA	NA	NA	NA
HACNS_719	NA	NA	NA	NA
HACNS_84	NA	NA	NA	NA
HACNS_441	NA	NA	NA	NA
HARv2_71	NA	NA	NA	NA
HARv2_281	NA	NA	NA	NA
HACNS_408	ENSG00000163492,ENSG00000144331	ENSG00000163492,ENSG00000144331	ENSG00000144331	ENSG00000163492
HACNS_34	NA	NA	NA	NA
HACNS_664	NA	NA	NA	NA
HARv2_61	NA	NA	NA	NA
HACNS_848	NA	NA	NA	NA
HACNS_170	NA	NA	NA	NA
HARv2_348	NA	NA	NA	NA
HARv2_158	NA	NA	NA	NA
HACNS_823	ENSG00000144339	NA	NA	NA
HARv2_382	NA	NA	NA	NA
HACNS_135	ENSG00000155760,ENSG00000273209	ENSG00000138395,ENSG00000155760,ENSG00000273209,ENSG00000182329	ENSG00000273209	ENSG00000273209,ENSG00000182329
HARv2_435	NA	NA	NA	NA
HARv2_313	NA	NA	NA	NA
HARv2_459	NA	NA	NA	NA
HACNS_325	NA	NA	NA	NA
HARv2_40	NA	NA	NA	NA
HARv2_150	NA	NA	NA	NA
HACNS_460	NA	ENSG00000116117	NA	NA
HACNS_265	ENSG00000116117	ENSG00000116117	NA	NA
HACNS_977	NA	NA	NA	NA
HACNS_183	NA	NA	NA	NA
HACNS_505	NA	NA	NA	NA
HACNS_586	ENSG00000273118	NA	NA	NA
HACNS_743	NA	NA	NA	NA
HARv2_526	NA	NA	NA	NA
HARv2_197	NA	NA	NA	NA
HARv2_51	NA	NA	NA	NA
HACNS_935	NA	ENSG00000236451	NA	NA
HACNS_89	NA	NA	NA	NA
HACNS_201	NA	NA	NA	NA
HACNS_628	NA	NA	NA	NA
HACNS_697	NA	NA	NA	NA
HACNS_88	NA	NA	NA	NA
HACNS_856	NA	ENSG00000169047	NA	NA
humGainReg1788,HACNS_1,HARv2_3	ENSG00000207049	ENSG00000168505,ENSG00000233611	ENSG00000207049	ENSG00000233611,ENSG00000168505
HACNS_457	ENSG00000157985,ENSG00000222007	ENSG00000157985,ENSG00000222007	ENSG00000222007	ENSG00000222007
HARv2_36	NA	NA	NA	NA
HACNS_984	NA	ENSG00000101282	NA	NA
HARv2_233	ENSG00000228210	ENSG00000228210	ENSG00000228210	ENSG00000228210
HARv2_292	NA	NA	NA	NA
HACNS_46,HARv2_255	NA	NA	NA	NA
HARv2_162	NA	ENSG00000232271	NA	NA
HACNS_751	ENSG00000182621	ENSG00000182621	NA	NA
HACNS_473	NA	ENSG00000101333	NA	NA
HACNS_939,HARv2_488	NA	NA	NA	NA
HACNS_200	NA	NA	NA	NA
HACNS_650	NA	ENSG00000199570,ENSG00000172264	NA	ENSG00000199570
HARv2_38	NA	NA	NA	NA
HACNS_196	NA	NA	NA	NA
HARv2_455	NA	NA	NA	NA
HACNS_27	NA	NA	NA	NA
HACNS_656	NA	NA	NA	NA
HACNS_315	NA	NA	NA	NA
HACNS_957	NA	NA	NA	NA
HACNS_285	NA	NA	NA	NA
HACNS_909	NA	NA	NA	NA
HARv2_92	NA	NA	NA	NA
HACNS_98	ENSG00000233508,ENSG00000196090	NA	ENSG00000233508,ENSG00000196090	NA
HACNS_193	NA	ENSG00000223651,ENSG00000225458	NA	ENSG00000223651
HACNS_330	NA	NA	NA	NA
HARv2_91	ENSG00000196090	NA	NA	NA
HACNS_962	ENSG00000149654	ENSG00000149654	ENSG00000149654	ENSG00000149654
HARv2_337	NA	NA	NA	NA
HARv2_413	NA	NA	NA	NA
HACNS_294	NA	NA	NA	NA
HARv2_46	NA	NA	NA	NA
HARv2_2	NA	NA	NA	NA
HACNS_661	ENSG00000266211,ENSG00000175302,ENSG00000228159,ENSG00000224860,ENSG00000215562,ENSG00000180530	ENSG00000224905,ENSG00000155307	ENSG00000266211,ENSG00000215562,ENSG00000224860	ENSG00000224905,ENSG00000155307
HARv2_430	ENSG00000215559	ENSG00000230965,ENSG00000223287,ENSG00000215559,ENSG00000266838	NA	ENSG00000230965,ENSG00000223287,ENSG00000215559,ENSG00000266838
humGainReg1901	NA	ENSG00000266838,ENSG00000215559,ENSG00000224524,ENSG00000224247	NA	ENSG00000215559,ENSG00000266838,ENSG00000224524,ENSG00000224247
HARv2_65	NA	NA	NA	NA
HARv2_6	NA	NA	NA	NA
HARv2_318	NA	NA	NA	NA
HACNS_440,HARv2_352	NA	NA	NA	NA
HARv2_72	NA	NA	NA	NA
HACNS_814	NA	NA	NA	NA
HARv2_88	NA	NA	NA	NA
HARv2_222	NA	NA	NA	NA
HACNS_552,HARv2_245	NA	ENSG00000169184	NA	NA
HARv2_500	NA	NA	NA	NA
HACNS_217,HARv2_186	NA	NA	NA	NA
HACNS_326	NA	NA	NA	NA
HACNS_273	NA	NA	NA	NA
HACNS_421	NA	NA	NA	NA
HACNS_394	NA	NA	NA	NA
HACNS_451	ENSG00000144619	NA	NA	NA
HACNS_888	NA	NA	NA	NA
HACNS_589	NA	NA	NA	NA
HARv2_523	NA	NA	NA	NA
HARv2_63	NA	NA	NA	NA
HACNS_611	ENSG00000150995,ENSG00000235978	NA	NA	NA
HACNS_607	NA	NA	NA	NA
HARv2_468	NA	NA	NA	NA
HARv2_241	NA	NA	NA	NA
HACNS_482	ENSG00000144711,ENSG00000132182	ENSG00000132182	ENSG00000132182	NA
HARv2_269,HACNS_810	NA	NA	NA	NA
HARv2_335	NA	NA	NA	NA
HACNS_706	NA	NA	NA	NA
humGainReg2020,HARv2_349	NA	NA	NA	NA
HARv2_370	NA	NA	NA	NA
HARv2_503	NA	NA	NA	NA
HACNS_598	NA	NA	NA	NA
HARv2_467	NA	NA	NA	NA
HACNS_778	NA	NA	NA	NA
HACNS_749	NA	NA	NA	NA
HACNS_516	NA	ENSG00000157445	NA	NA
HACNS_803,HARv2_516	ENSG00000157445	NA	NA	NA
HACNS_875	NA	NA	NA	NA
HACNS_514	NA	NA	NA	NA
HACNS_944	ENSG00000189283	ENSG00000163689,ENSG00000242428	NA	NA
HARv2_421	NA	NA	NA	NA
HARv2_376	ENSG00000189283	NA	NA	NA
HARv2_257	NA	NA	NA	NA
HACNS_319	NA	NA	NA	NA
HARv2_220,HACNS_738	NA	NA	NA	NA
HACNS_666	NA	NA	NA	NA
HARv2_494	ENSG00000189283	NA	NA	NA
HACNS_876	ENSG00000189283	NA	NA	NA
HACNS_392	NA	NA	NA	NA
HARv2_556	NA	NA	NA	NA
HACNS_404,HARv2_536	ENSG00000241316	ENSG00000241316,ENSG00000163377	NA	NA
HACNS_191,HARv2_104	NA	NA	NA	NA
HARv2_414	ENSG00000163377	NA	NA	NA
HARv2_357	NA	ENSG00000114541	NA	NA
HACNS_690	NA	NA	NA	NA
HACNS_965	NA	NA	NA	NA
HACNS_279	NA	NA	NA	NA
HARv2_548	NA	ENSG00000270562,ENSG00000114861	NA	ENSG00000114861,ENSG00000270562
HACNS_436	NA	NA	NA	NA
HARv2_416	ENSG00000213452	ENSG00000213452,ENSG00000113805	ENSG00000213452	ENSG00000213452
HARv2_304	ENSG00000239959,ENSG00000243794	NA	ENSG00000243794	NA
HACNS_742,HARv2_127	ENSG00000272690,ENSG00000239959,ENSG00000272710,ENSG00000239383,ENSG00000227124	NA	ENSG00000272690,ENSG00000272710,ENSG00000239383,ENSG00000227124	NA
HACNS_376	NA	NA	NA	NA
HACNS_734	NA	NA	NA	NA
HACNS_873	ENSG00000169855	NA	NA	NA
HACNS_885	NA	NA	NA	NA
HARv2_497	NA	NA	NA	NA
HACNS_112	NA	NA	NA	NA
HACNS_310	NA	NA	NA	NA
HACNS_270	NA	NA	NA	NA
HACNS_361	NA	NA	NA	NA
HACNS_378	NA	NA	NA	NA
HACNS_580	NA	NA	NA	NA
HACNS_353	NA	NA	NA	NA
HACNS_838	NA	NA	NA	NA
HACNS_30	ENSG00000144810,ENSG00000263810	ENSG00000244464	ENSG00000263810	ENSG00000244464
HACNS_570	NA	NA	NA	NA
HACNS_923	ENSG00000144821	NA	ENSG00000144821	NA
HACNS_870	NA	NA	NA	NA
HACNS_189	NA	NA	NA	NA
HACNS_787	NA	NA	NA	NA
HACNS_765	NA	NA	NA	NA
HACNS_165	NA	NA	NA	NA
HACNS_907	NA	NA	NA	NA
HACNS_879	NA	NA	NA	NA
HACNS_722	NA	NA	NA	NA
HACNS_975	NA	NA	NA	NA
HACNS_75	NA	ENSG00000163430	NA	ENSG00000163430
HACNS_213	NA	NA	NA	NA
HACNS_576	NA	NA	NA	NA
HARv2_407	NA	NA	NA	NA
HACNS_752	NA	ENSG00000249305	NA	ENSG00000249305
HACNS_403	NA	NA	NA	NA
HACNS_113	ENSG00000181804	NA	NA	NA
HACNS_80	NA	NA	NA	NA
HACNS_655	NA	NA	NA	NA
HARv2_499	NA	NA	NA	NA
HACNS_585	ENSG00000250588	ENSG00000244040,ENSG00000242107	NA	ENSG00000242107,ENSG00000244040
HACNS_127	ENSG00000151967,ENSG00000250588	ENSG00000244040	ENSG00000151967	NA
HACNS_546,HARv2_520	NA	NA	NA	NA
HARv2_324	NA	NA	NA	NA
HACNS_755	ENSG00000251759	ENSG00000244128	ENSG00000251759	NA
HACNS_573	NA	NA	NA	NA
HARv2_47	NA	NA	NA	NA
HARv2_443	NA	NA	NA	NA
HACNS_456	NA	NA	NA	NA
HACNS_668	NA	NA	NA	NA
HACNS_529	NA	NA	NA	NA
HARv2_64	NA	NA	NA	NA
HACNS_12	NA	NA	NA	NA
HARv2_193	NA	ENSG00000197584	NA	NA
HARv2_77	NA	NA	NA	NA
HARv2_250	NA	NA	NA	NA
HARv2_487	NA	NA	NA	NA
HACNS_539	NA	NA	NA	NA
HACNS_414	NA	NA	NA	NA
HARv2_508	NA	NA	NA	NA
humGainReg2180,HACNS_33	ENSG00000168993,ENSG00000127419,ENSG00000145214,ENSG00000145217,ENSG00000127415,ENSG00000212458,ENSG00000251652,ENSG00000215367,ENSG00000159674,ENSG00000159692,ENSG00000196810,ENSG00000090316,ENSG00000163945,ENSG00000254094,ENSG00000253399,ENSG00000235608,ENSG00000272783,ENSG00000244459,ENSG00000174137,ENSG00000207009	ENSG00000168993,ENSG00000178950,ENSG00000127419,ENSG00000178222,ENSG00000212458,ENSG00000251652,ENSG00000215367,ENSG00000273179,ENSG00000159674,ENSG00000090316,ENSG00000254094,ENSG00000253399,ENSG00000163945,ENSG00000235608,ENSG00000130997	ENSG00000168993,ENSG00000145214,ENSG00000127415,ENSG00000212458,ENSG00000215367,ENSG00000159674,ENSG00000159692,ENSG00000163945,ENSG00000254094,ENSG00000253399,ENSG00000272783,ENSG00000244459,ENSG00000174137,ENSG00000207009	ENSG00000168993,ENSG00000127419,ENSG00000178950,ENSG00000178222,ENSG00000212458,ENSG00000215367,ENSG00000251652,ENSG00000273179,ENSG00000159674,ENSG00000090316,ENSG00000254094,ENSG00000253399,ENSG00000163945
HACNS_37	NA	NA	NA	NA
HARv2_367	ENSG00000251210	NA	NA	NA
HACNS_941	NA	ENSG00000249988	NA	NA
HACNS_432	NA	ENSG00000169744	NA	NA
HARv2_402	ENSG00000248238	ENSG00000185774	NA	NA
HACNS_314	NA	NA	NA	NA
HARv2_420	NA	NA	NA	NA
HACNS_68,HARv2_287	NA	NA	NA	NA
HARv2_363	NA	NA	NA	NA
HARv2_60	ENSG00000250064	NA	NA	NA
HACNS_256	NA	NA	NA	NA
HACNS_281,HARv2_470	NA	NA	NA	NA
HACNS_835	NA	NA	NA	NA
HARv2_201	NA	NA	NA	NA
HACNS_338	NA	NA	NA	NA
HACNS_713	NA	NA	NA	NA
HACNS_689	NA	NA	NA	NA
HACNS_899	NA	NA	NA	NA
HACNS_813	NA	NA	NA	NA
HARv2_464	NA	NA	NA	NA
HACNS_597	NA	NA	NA	NA
HACNS_601	NA	NA	NA	NA
HACNS_845	NA	ENSG00000251459,ENSG00000238925	NA	ENSG00000251459,ENSG00000238925
HARv2_527	NA	NA	NA	NA
HARv2_431	ENSG00000150471	ENSG00000150471	NA	NA
HACNS_966	NA	NA	NA	NA
HARv2_433	NA	NA	NA	NA
HACNS_488	NA	NA	NA	NA
HACNS_967	NA	NA	NA	NA
HACNS_502	NA	NA	NA	NA
HACNS_948	NA	NA	NA	NA
HACNS_710	NA	ENSG00000251321	NA	ENSG00000251321
HARv2_227	NA	NA	NA	NA
HARv2_90	ENSG00000249307,ENSG00000156269,ENSG00000163297	ENSG00000249307,ENSG00000156269,ENSG00000250334	ENSG00000249307	ENSG00000249307
HACNS_596	NA	ENSG00000197826	NA	NA
HACNS_307	ENSG00000250546	NA	NA	NA
HARv2_68,HACNS_134	NA	NA	NA	NA
HACNS_883	NA	ENSG00000249171	NA	NA
HARv2_252	NA	NA	NA	NA
HACNS_871	NA	NA	NA	NA
HACNS_641	NA	NA	NA	NA
HACNS_447	NA	NA	NA	NA
HACNS_891	NA	NA	NA	NA
HACNS_821	NA	ENSG00000254044,ENSG00000163116	NA	NA
HACNS_908,HARv2_306	NA	NA	NA	NA
HARv2_452	NA	NA	NA	NA
HARv2_147	NA	ENSG00000153064	NA	NA
HACNS_465	ENSG00000251170,ENSG00000215999	ENSG00000245384	ENSG00000215999	NA
HARv2_111	NA	NA	NA	NA
HARv2_154	ENSG00000247950	NA	NA	NA
HACNS_974	NA	NA	NA	NA
HARv2_288	NA	NA	NA	NA
HACNS_251	NA	NA	NA	NA
HACNS_62,HARv2_83	NA	NA	NA	NA
HACNS_773	NA	NA	NA	NA
HACNS_672	NA	NA	NA	NA
HACNS_565	NA	NA	NA	NA
HACNS_818	NA	NA	NA	NA
HACNS_732	NA	NA	NA	NA
HACNS_691	NA	ENSG00000248307	NA	NA
HARv2_176	NA	NA	NA	NA
HACNS_929	NA	NA	NA	NA
HACNS_276	ENSG00000249708	NA	NA	NA
HACNS_439	NA	NA	NA	NA
HACNS_958	NA	NA	NA	NA
HACNS_438	NA	NA	NA	NA
HARv2_56	NA	NA	NA	NA
HACNS_731	ENSG00000145416	NA	NA	NA
HACNS_988	ENSG00000273097,ENSG00000170088	NA	ENSG00000273097	NA
HARv2_519	ENSG00000249675	NA	NA	NA
HACNS_626	NA	NA	NA	NA
HACNS_612	ENSG00000137601	NA	NA	NA
HACNS_740	NA	NA	NA	NA
HACNS_258	NA	NA	NA	NA
HACNS_644	ENSG00000234801	NA	ENSG00000234801	NA
HACNS_262	NA	NA	NA	NA
HARv2_439	NA	NA	NA	NA
HARv2_361	NA	NA	NA	NA
HARv2_30	NA	NA	NA	NA
HACNS_829	NA	NA	NA	NA
HARv2_460	NA	ENSG00000177822,ENSG00000218336,ENSG00000248266	NA	ENSG00000218336,ENSG00000248266,ENSG00000177822
HACNS_757	NA	NA	NA	NA
HACNS_351	NA	NA	NA	NA
HACNS_274	NA	NA	NA	NA
HACNS_73,HARv2_138	NA	NA	NA	NA
HACNS_81	NA	NA	NA	NA
HACNS_679	ENSG00000260763	NA	NA	NA
HARv2_553	NA	NA	NA	NA
HACNS_657	ENSG00000249781	NA	NA	NA
HACNS_114	NA	NA	NA	NA
HARv2_498	NA	NA	NA	NA
HACNS_513	NA	NA	NA	NA
HACNS_753	NA	NA	NA	NA
HACNS_24	NA	NA	NA	NA
HACNS_247	NA	ENSG00000113600,ENSG00000153071	NA	ENSG00000153071
HACNS_840	ENSG00000112992	NA	ENSG00000112992	NA
HACNS_830	NA	NA	NA	NA
HACNS_518	NA	NA	NA	NA
HACNS_19	NA	ENSG00000164258	NA	NA
HACNS_16	NA	ENSG00000171643	NA	NA
HACNS_227	ENSG00000171530,ENSG00000132842	ENSG00000164253,ENSG00000171530,ENSG00000253572,ENSG00000132842	NA	ENSG00000253572
HACNS_481	ENSG00000265704	ENSG00000164176,ENSG00000249842	ENSG00000265704	ENSG00000164176,ENSG00000249842
HACNS_138	NA	NA	NA	NA
HACNS_215	ENSG00000237187	ENSG00000250049	NA	NA
HACNS_789	NA	ENSG00000185261	NA	NA
HACNS_906	NA	ENSG00000248901	NA	NA
HACNS_614	NA	NA	NA	NA
HACNS_642	ENSG00000171444	NA	NA	NA
HACNS_316	NA	NA	NA	NA
HACNS_820	NA	NA	NA	NA
HACNS_854	NA	NA	NA	NA
HACNS_180	NA	NA	NA	NA
HACNS_579	NA	NA	NA	NA
HACNS_926	NA	NA	NA	NA
HACNS_487	ENSG00000184838	NA	NA	NA
HACNS_302	NA	NA	NA	NA
HACNS_627	ENSG00000250328	NA	ENSG00000250328	NA
HACNS_214	NA	NA	NA	NA
HACNS_852	NA	NA	NA	NA
HACNS_223	NA	NA	NA	NA
HACNS_880	NA	ENSG00000213630	NA	ENSG00000213630
HACNS_564	ENSG00000113368	NA	NA	NA
HACNS_110	NA	NA	NA	NA
HACNS_671	NA	ENSG00000213585,ENSG00000113583	NA	ENSG00000113583
HACNS_764	ENSG00000053108,ENSG00000248245	NA	NA	NA
HACNS_343	ENSG00000145819,ENSG00000249881	NA	NA	NA
HACNS_157	NA	NA	NA	NA
HACNS_264	ENSG00000250407,ENSG00000156475	ENSG00000250407,ENSG00000252793,ENSG00000156475,ENSG00000249553	ENSG00000250407,ENSG00000156475	ENSG00000250407,ENSG00000252793,ENSG00000249553
HACNS_115	NA	NA	NA	NA
HACNS_117	ENSG00000170624	NA	NA	NA
HARv2_192	NA	NA	NA	NA
HACNS_535	NA	NA	NA	NA
HACNS_358	NA	NA	NA	NA
HACNS_639	NA	NA	NA	NA
HACNS_219	NA	NA	NA	NA
HACNS_416	NA	NA	NA	NA
HARv2_229	NA	ENSG00000250061	NA	NA
HACNS_446	NA	ENSG00000241956	NA	NA
HACNS_785,HARv2_70	NA	NA	NA	NA
HACNS_766	NA	NA	NA	NA
HACNS_562	NA	NA	NA	NA
HACNS_317	NA	NA	NA	NA
HACNS_727	NA	NA	NA	NA
HACNS_827	NA	NA	NA	NA
HARv2_330	ENSG00000134516	NA	NA	NA
HACNS_515	ENSG00000182132	ENSG00000182132	ENSG00000043462,ENSG00000253858	NA
humGainReg2509,HARv2_510	ENSG00000156427,ENSG00000072786	ENSG00000174705	NA	NA
HARv2_486	ENSG00000170089,ENSG00000249186,ENSG00000050767,ENSG00000245688	ENSG00000170074,ENSG00000170089,ENSG00000050767,ENSG00000245688	ENSG00000249186,ENSG00000245688	ENSG00000170074
HACNS_187	ENSG00000112685,ENSG00000271727,ENSG00000261730,ENSG00000137273	ENSG00000261730,ENSG00000137273	ENSG00000112685,ENSG00000261730,ENSG00000137273	ENSG00000261730,ENSG00000137273
HARv2_560	ENSG00000164379	ENSG00000112685,ENSG00000272463,ENSG00000271727	ENSG00000164379	ENSG00000112685,ENSG00000271727,ENSG00000272463
HACNS_410	NA	NA	NA	NA
HACNS_796	NA	ENSG00000112699	NA	NA
HARv2_479	ENSG00000181355	NA	NA	NA
HACNS_836	NA	NA	NA	NA
HACNS_549	NA	NA	NA	NA
HACNS_501	NA	NA	NA	NA
HARv2_270	NA	NA	NA	NA
HARv2_284	NA	NA	NA	NA
HACNS_21	NA	NA	NA	NA
HACNS_922	ENSG00000156639	NA	NA	NA
HACNS_936	NA	NA	NA	NA
HACNS_388	NA	NA	NA	NA
HACNS_797	NA	NA	NA	NA
HARv2_81,HACNS_955	NA	NA	NA	NA
HACNS_448	NA	NA	NA	NA
HACNS_898	NA	NA	NA	NA
HARv2_267	ENSG00000112077	NA	NA	NA
HACNS_620,HARv2_126	NA	NA	NA	NA
HACNS_547	NA	ENSG00000124749	NA	NA
HARv2_202	NA	NA	NA	NA
HARv2_528	NA	ENSG00000188107	NA	NA
HARv2_277	NA	NA	NA	NA
HACNS_699	NA	NA	NA	NA
HARv2_218	NA	ENSG00000236635	NA	NA
HARv2_538	NA	NA	NA	NA
HARv2_540	NA	NA	NA	NA
HARv2_561	NA	NA	NA	NA
HARv2_198	NA	NA	NA	NA
HACNS_350	NA	NA	NA	NA
HARv2_188	NA	NA	NA	NA
HACNS_504	NA	NA	NA	NA
HACNS_362,HARv2_541	NA	ENSG00000146263	NA	NA
HACNS_205	ENSG00000184486	NA	ENSG00000184486	NA
HACNS_145	NA	NA	NA	NA
humGainReg2629	NA	NA	NA	NA
HACNS_244	NA	NA	NA	NA
HACNS_762	ENSG00000112238	ENSG00000112238	ENSG00000112238	ENSG00000112238
HACNS_584	NA	NA	NA	NA
HARv2_350	NA	NA	NA	NA
HACNS_195	NA	NA	NA	NA
HACNS_381	NA	ENSG00000057663	NA	NA
HACNS_140	NA	ENSG00000164494,ENSG00000112320	NA	ENSG00000112320
HARv2_405	ENSG00000112367,ENSG00000168438,ENSG00000112290,ENSG00000053328	ENSG00000168438,ENSG00000112290	ENSG00000112367,ENSG00000168438	ENSG00000168438
HACNS_832	NA	NA	NA	NA
HACNS_625	ENSG00000111816	ENSG00000111816	NA	NA
HACNS_186	NA	NA	NA	NA
HACNS_623	NA	NA	NA	NA
HACNS_284	NA	NA	NA	NA
HACNS_382	NA	ENSG00000146374	NA	ENSG00000146374
HACNS_600	ENSG00000152894	NA	NA	NA
HARv2_378	NA	NA	NA	NA
HARv2_78	NA	NA	NA	NA
HARv2_182	NA	NA	NA	NA
HARv2_66	NA	NA	NA	NA
HACNS_286	NA	NA	NA	NA
HACNS_928	NA	NA	NA	NA
HACNS_990	NA	NA	NA	NA
HACNS_952	NA	NA	NA	NA
HARv2_442	NA	NA	NA	NA
HACNS_972	NA	NA	NA	NA
HACNS_90	ENSG00000122584,ENSG00000234710,ENSG00000235431	ENSG00000122584,ENSG00000233876,ENSG00000234710	NA	ENSG00000233876
HARv2_272	NA	NA	NA	NA
HACNS_146	NA	NA	NA	NA
HARv2_165	NA	NA	NA	NA
HARv2_173	NA	NA	NA	NA
HACNS_370	NA	NA	NA	NA
HACNS_9,HARv2_266	NA	ENSG00000136267	NA	NA
HACNS_355,HARv2_76	NA	NA	NA	NA
HARv2_237	NA	NA	NA	NA
HARv2_231	NA	NA	NA	NA
HACNS_912,HARv2_105	ENSG00000048052	ENSG00000048052	NA	NA
HARv2_372	ENSG00000048052	ENSG00000048052	NA	NA
HARv2_107	NA	NA	NA	NA
HACNS_812	NA	ENSG00000105889	NA	NA
HARv2_501	ENSG00000136237,ENSG00000136231	ENSG00000136237	ENSG00000136237	NA
HACNS_534	NA	NA	NA	NA
HARv2_385	NA	NA	NA	NA
HARv2_291	NA	NA	NA	NA
HACNS_347	NA	NA	NA	NA
HACNS_125	NA	NA	NA	NA
HACNS_767	NA	ENSG00000189212	NA	NA
HACNS_226	NA	ENSG00000106536	NA	NA
HACNS_559	NA	NA	NA	NA
HACNS_184	NA	NA	NA	NA
HACNS_369	NA	NA	NA	NA
HACNS_174	NA	ENSG00000158321	NA	NA
HACNS_819	NA	NA	NA	NA
HACNS_153	ENSG00000058091	NA	NA	NA
HACNS_905	ENSG00000158560,ENSG00000004864	NA	NA	NA
HACNS_485	ENSG00000158560,ENSG00000004864	ENSG00000158560,ENSG00000004864	NA	NA
HACNS_913	ENSG00000158560,ENSG00000004864	ENSG00000158560,ENSG00000004864	NA	NA
HACNS_904	NA	NA	NA	NA
HACNS_603	NA	NA	NA	NA
HACNS_861	NA	NA	NA	NA
HACNS_750	NA	NA	NA	NA
HACNS_506	NA	NA	NA	NA
HARv2_502	NA	NA	NA	NA
HACNS_169	NA	NA	NA	NA
HACNS_782	NA	NA	NA	NA
HACNS_48	NA	ENSG00000105967	NA	NA
HARv2_429	NA	NA	NA	NA
HARv2_161	NA	NA	NA	NA
HACNS_949	ENSG00000179603	NA	NA	NA
HACNS_825	NA	ENSG00000179603	NA	NA
HACNS_869	ENSG00000207705,ENSG00000174697	ENSG00000207705,ENSG00000242588	ENSG00000207705,ENSG00000174697	ENSG00000207705
HARv2_485	NA	NA	NA	NA
HACNS_739	NA	NA	NA	NA
HARv2_143	ENSG00000244479,ENSG00000221970	ENSG00000244479,ENSG00000221970	ENSG00000221970	ENSG00000221970
HACNS_116	NA	NA	NA	NA
HACNS_97	NA	NA	NA	NA
HARv2_395	NA	NA	NA	NA
HACNS_884	NA	ENSG00000174469	NA	NA
HACNS_590	NA	NA	NA	NA
HACNS_954	NA	NA	NA	NA
HARv2_85	NA	NA	NA	NA
HACNS_940	NA	ENSG00000253880	NA	NA
HACNS_701	NA	ENSG00000255549	NA	ENSG00000255549
HACNS_963	ENSG00000253184	NA	NA	NA
HACNS_594	ENSG00000129422,ENSG00000253168	ENSG00000265520,ENSG00000129422,ENSG00000253168	ENSG00000129422,ENSG00000253168	ENSG00000265520,ENSG00000129422,ENSG00000253168
HACNS_464	NA	NA	NA	NA
humGainReg2888	NA	NA	NA	NA
HACNS_599	ENSG00000189233,ENSG00000134014	ENSG00000189233,ENSG00000134014,ENSG00000253690	ENSG00000189233,ENSG00000134014	ENSG00000189233,ENSG00000134014
HARv2_247	NA	NA	NA	NA
HACNS_492	ENSG00000253684,ENSG00000253642	ENSG00000253642	ENSG00000253684	NA
HACNS_435	ENSG00000253642	ENSG00000253642	NA	NA
HARv2_496	NA	ENSG00000253452	NA	NA
HARv2_473	NA	NA	NA	NA
HACNS_793	NA	NA	NA	NA
HARv2_426	ENSG00000253161	ENSG00000215262,ENSG00000187840	NA	ENSG00000187840
HACNS_709	NA	NA	NA	NA
HACNS_545	NA	NA	NA	NA
HACNS_943	NA	NA	NA	NA
HACNS_272	NA	NA	NA	NA
HACNS_235,HARv2_307	NA	NA	NA	NA
HACNS_423	ENSG00000252358,ENSG00000253554,ENSG00000254377,ENSG00000207816	ENSG00000253554,ENSG00000254377,ENSG00000207816	ENSG00000252358,ENSG00000253554,ENSG00000254377,ENSG00000207816	ENSG00000253554,ENSG00000254377,ENSG00000207816
HARv2_481	NA	NA	NA	NA
HARv2_74	NA	NA	NA	NA
HACNS_692	NA	NA	NA	NA
HACNS_788	NA	NA	NA	NA
HACNS_882	NA	ENSG00000221947	NA	NA
HACNS_896	ENSG00000182674	ENSG00000182674	NA	NA
HARv2_547	ENSG00000091656	NA	ENSG00000091656	NA
HACNS_252	NA	NA	NA	NA
HARv2_418	NA	NA	NA	NA
HACNS_419	NA	NA	NA	NA
HACNS_422	NA	NA	NA	NA
HARv2_396	NA	NA	NA	NA
HACNS_126	NA	NA	NA	NA
HACNS_561	NA	NA	NA	NA
HACNS_334	NA	NA	NA	NA
HARv2_224	NA	NA	NA	NA
HARv2_221	NA	NA	NA	NA
HACNS_54	NA	NA	NA	NA
HARv2_311	NA	NA	NA	NA
HARv2_549	NA	NA	NA	NA
HACNS_476	NA	ENSG00000164796	NA	NA
HARv2_96	NA	NA	NA	NA
HARv2_366	NA	NA	NA	NA
HARv2_129	NA	NA	NA	NA
HACNS_43	NA	ENSG00000104447	NA	NA
HACNS_667	NA	NA	NA	NA
HACNS_805	NA	NA	NA	NA
HACNS_945	NA	NA	NA	NA
HACNS_210	NA	NA	NA	NA
HACNS_469	NA	NA	NA	NA
HACNS_816	NA	NA	NA	NA
HACNS_728	NA	ENSG00000254101	NA	NA
HACNS_322	NA	NA	NA	NA
HACNS_356	ENSG00000253605,ENSG00000226807,ENSG00000221123,ENSG00000254183,ENSG00000265247,ENSG00000171045,ENSG00000234616,ENSG00000167653	ENSG00000221123,ENSG00000253602,ENSG00000171045,ENSG00000261693,ENSG00000234616,ENSG00000167653,ENSG00000160886,ENSG00000160882,ENSG00000104499	ENSG00000253605,ENSG00000221123,ENSG00000265247,ENSG00000171045,ENSG00000167653,ENSG00000234616	ENSG00000221123,ENSG00000253602,ENSG00000171045,ENSG00000261693,ENSG00000167653,ENSG00000234616,ENSG00000160886,ENSG00000160882
HACNS_76	ENSG00000080503	NA	ENSG00000080503	NA
HARv2_259	ENSG00000107099	ENSG00000224836	ENSG00000107099	ENSG00000224836
HARv2_144,HACNS_521	NA	NA	NA	NA
HARv2_152	ENSG00000080503,ENSG00000222973,ENSG00000264615,ENSG00000236404	ENSG00000080503,ENSG00000264615	ENSG00000080503,ENSG00000222973,ENSG00000264615	ENSG00000080503,ENSG00000264615
HARv2_302	NA	ENSG00000107249	NA	NA
HACNS_93	NA	NA	NA	NA
HARv2_242	NA	NA	NA	NA
HACNS_3,HARv2_136	NA	NA	NA	NA
HARv2_359	NA	NA	NA	NA
HACNS_300	NA	NA	NA	NA
HARv2_185	NA	NA	NA	NA
HARv2_554	NA	NA	NA	NA
HACNS_675	NA	NA	NA	NA
HACNS_339	NA	NA	NA	NA
HACNS_209	NA	NA	NA	NA
HACNS_86	NA	NA	NA	NA
HACNS_792	NA	ENSG00000226197	NA	NA
HARv2_19	NA	NA	NA	NA
HARv2_172	NA	NA	NA	NA
HARv2_463	ENSG00000270547,ENSG00000226197	ENSG00000270547,ENSG00000226197	ENSG00000270547,ENSG00000226197	ENSG00000270547,ENSG00000226197
HARv2_54	ENSG00000225472,ENSG00000147862,ENSG00000164989	NA	NA	NA
HARv2_509	NA	NA	NA	NA
HARv2_163	NA	ENSG00000164989,ENSG00000173068	NA	NA
HARv2_535	ENSG00000044459	NA	NA	NA
HACNS_865	NA	NA	NA	NA
HARv2_101	NA	ENSG00000164989	NA	NA
HACNS_556,HARv2_156	NA	NA	NA	NA
HACNS_400	ENSG00000044459	ENSG00000164989	NA	NA
HACNS_128	NA	ENSG00000155875	NA	NA
HACNS_566	ENSG00000155875	NA	NA	NA
HACNS_190	NA	NA	NA	NA
HACNS_387	NA	NA	NA	NA
HACNS_980	NA	NA	NA	NA
HACNS_541	NA	NA	NA	NA
HACNS_591	NA	NA	NA	NA
HACNS_418	NA	NA	NA	NA
HACNS_574	NA	NA	NA	NA
HARv2_69	NA	NA	NA	NA
HARv2_410	NA	NA	NA	NA
HACNS_636	NA	NA	NA	NA
HACNS_523	NA	NA	NA	NA
HARv2_534	NA	NA	NA	NA
HACNS_578	NA	NA	NA	NA
HARv2_86	ENSG00000165304	NA	ENSG00000165304	NA
HACNS_36	ENSG00000083067,ENSG00000224437	ENSG00000083067	ENSG00000224437	NA
HACNS_357	NA	ENSG00000165091	NA	NA
HACNS_519	NA	NA	NA	NA
HACNS_142	NA	NA	NA	NA
HACNS_609	NA	NA	NA	NA
HACNS_324	NA	NA	NA	NA
HACNS_266	NA	NA	NA	NA
HACNS_241	NA	NA	NA	NA
HACNS_730	NA	NA	NA	NA
HACNS_455	NA	NA	NA	NA
HACNS_551	NA	NA	NA	NA
HACNS_971	NA	NA	NA	NA
HARv2_343	NA	NA	NA	NA
HARv2_253	NA	NA	NA	NA
HACNS_424	NA	NA	NA	NA
HACNS_458	NA	ENSG00000226566	NA	ENSG00000226566
HARv2_102	NA	NA	NA	NA
HACNS_724	NA	NA	NA	NA
HACNS_581	NA	NA	NA	NA
HACNS_348	NA	NA	NA	NA
HACNS_919	ENSG00000196739	ENSG00000196739	ENSG00000196739	ENSG00000196739
HARv2_273	NA	NA	NA	NA
HACNS_397	ENSG00000230894,ENSG00000148219	ENSG00000148219,ENSG00000229105,ENSG00000230894	ENSG00000230894	ENSG00000230894
HARv2_362	NA	NA	NA	NA
HACNS_242	NA	NA	NA	NA
HACNS_720	NA	NA	NA	NA
HACNS_360	NA	NA	NA	NA
HARv2_278	NA	ENSG00000119397	NA	ENSG00000119397
HARv2_219	ENSG00000106780	ENSG00000106780	NA	NA
HARv2_283	NA	ENSG00000119522	NA	NA
HACNS_964	ENSG00000234129	ENSG00000234129	NA	NA
HACNS_920	NA	NA	NA	NA
HACNS_61	NA	NA	NA	NA
HACNS_809	ENSG00000086717,ENSG00000044446	ENSG00000044446,ENSG00000266710	ENSG00000086717,ENSG00000044446	ENSG00000044446,ENSG00000266710
HACNS_822	NA	NA	NA	NA
HACNS_634	NA	NA	NA	NA
HACNS_894	NA	NA	NA	NA
HACNS_557	NA	NA	NA	NA
HACNS_246	NA	NA	NA	NA
HACNS_442	NA	NA	NA	NA
HACNS_395	NA	NA	NA	NA
HACNS_901	NA	NA	NA	NA
HACNS_372	NA	NA	NA	NA
HACNS_352	NA	NA	NA	NA
HACNS_538	NA	NA	NA	NA
HACNS_477	NA	NA	NA	NA
HACNS_366	NA	ENSG00000235061	NA	NA
HACNS_399	NA	NA	NA	NA
HACNS_275	NA	NA	NA	NA
HACNS_619	NA	NA	NA	NA
HACNS_676	NA	NA	NA	NA
HARv2_438	NA	ENSG00000263886	NA	ENSG00000263886
HACNS_231	NA	ENSG00000263886	NA	ENSG00000263886
HACNS_959	NA	NA	NA	NA
HACNS_340	NA	NA	NA	NA
HACNS_779	NA	NA	NA	NA
HACNS_277	NA	ENSG00000263886	NA	ENSG00000263886
HACNS_415	NA	NA	NA	NA
HACNS_470	NA	NA	NA	NA
HACNS_156	NA	NA	NA	NA
HACNS_524	NA	NA	NA	NA
HACNS_288	NA	NA	NA	NA
HACNS_680	NA	NA	NA	NA
HACNS_466	NA	NA	NA	NA
HARv2_213	NA	NA	NA	NA
HARv2_4	NA	NA	NA	NA
HARv2_1	NA	NA	NA	NA
HACNS_139,HARv2_73	NA	NA	NA	NA
HACNS_833	NA	NA	NA	NA
HACNS_202	ENSG00000231093	NA	ENSG00000231093	NA
HACNS_862,HARv2_276	NA	NA	NA	NA
HARv2_139	NA	NA	NA	NA
HARv2_315	NA	NA	NA	NA
